project_id,region,origin_expr,origin_bytes,length_expr,length_bytes,constrains_size,source_file,source_line,#,confidence,basis
evt-v003-iap,FLASH,0x00000000,,1920,1920,1,CH32V003/EVT/EXAM/USART_IAP/CH32V003_IAP/Ld/Link.ld,1,#,single-source,evt:CH32V003/EVT/EXAM/USART_IAP/CH32V003_IAP/Ld/Link.ld
evt-v003-iap,RAM,0x20000000,536870912,2K,2048,,CH32V003/EVT/EXAM/USART_IAP/CH32V003_IAP/Ld/Link.ld,5,#,single-source,evt:CH32V003/EVT/EXAM/USART_IAP/CH32V003_IAP/Ld/Link.ld
evt-v00x-iap,FLASH,0x00000000,,3328,3328,1,CH32V006/EVT/EXAM/USART_IAP/CH32V00X_IAP/Ld/Link.ld,1,#,single-source,evt:CH32V006/EVT/EXAM/USART_IAP/CH32V00X_IAP/Ld/Link.ld
evt-v00x-iap,RAM,0x20000000,536870912,4K,4096,,CH32V006/EVT/EXAM/USART_IAP/CH32V00X_IAP/Ld/Link.ld,5,#,single-source,evt:CH32V006/EVT/EXAM/USART_IAP/CH32V00X_IAP/Ld/Link.ld
evt-v103-app,FLASH,0x00005000,20480,44K,45056,1,CH32V103/EVT/EXAM/IAP/UART_USB_IAP/CH32V103_APP/LD/CH32V103R8T6.ld,1,#,single-source,evt:CH32V103/EVT/EXAM/IAP/UART_USB_IAP/CH32V103_APP/LD/CH32V103R8T6.ld
evt-v103-app,RAM,0x20000000,536870912,20K,20480,,CH32V103/EVT/EXAM/IAP/UART_USB_IAP/CH32V103_APP/LD/CH32V103R8T6.ld,5,#,single-source,evt:CH32V103/EVT/EXAM/IAP/UART_USB_IAP/CH32V103_APP/LD/CH32V103R8T6.ld
evt-v205-iap,FLASH,0x00000000,,20K,20480,1,CH32V205/EVT/EXAM/IAP/USB_UART/CH32V205_IAP/Ld/Link.ld,1,#,single-source,evt:CH32V205/EVT/EXAM/IAP/USB_UART/CH32V205_IAP/Ld/Link.ld
evt-v205-iap,RAM,0x20000000,536870912,32K,32768,,CH32V205/EVT/EXAM/IAP/USB_UART/CH32V205_IAP/Ld/Link.ld,5,#,single-source,evt:CH32V205/EVT/EXAM/IAP/USB_UART/CH32V205_IAP/Ld/Link.ld
evt-v205-app,FLASH,0x00005000,20480,236K,241664,1,CH32V205/EVT/EXAM/IAP/USB_UART/CH32V205_APP/Ld/Link.ld,1,#,single-source,evt:CH32V205/EVT/EXAM/IAP/USB_UART/CH32V205_APP/Ld/Link.ld
evt-v205-app,RAM,0x20000000,536870912,32K,32768,,CH32V205/EVT/EXAM/IAP/USB_UART/CH32V205_APP/Ld/Link.ld,5,#,single-source,evt:CH32V205/EVT/EXAM/IAP/USB_UART/CH32V205_APP/Ld/Link.ld
evt-v20x-app,FLASH,0x00005000,20480,64K,65536,0,CH32V20x/EVT/EXAM/IAP/USB_UART/CH32V20x_APP/Ld/Link.ld,1,#,single-source,evt:CH32V20x/EVT/EXAM/IAP/USB_UART/CH32V20x_APP/Ld/Link.ld
evt-v20x-app,RAM,0x20000000,536870912,20K,20480,,CH32V20x/EVT/EXAM/IAP/USB_UART/CH32V20x_APP/Ld/Link.ld,5,#,single-source,evt:CH32V20x/EVT/EXAM/IAP/USB_UART/CH32V20x_APP/Ld/Link.ld
evt-v30x-app,FLASH,0x00005000,20480,228K,233472,1,CH32V307/EVT/EXAM/IAP/USB_UART/CHV30x_APP/LD/Link.ld,1,#,single-source,evt:CH32V307/EVT/EXAM/IAP/USB_UART/CHV30x_APP/LD/Link.ld
evt-v30x-app,RAM,0x20000000,536870912,32K,32768,,CH32V307/EVT/EXAM/IAP/USB_UART/CHV30x_APP/LD/Link.ld,5,#,single-source,evt:CH32V307/EVT/EXAM/IAP/USB_UART/CHV30x_APP/LD/Link.ld
evt-v407-iap,FLASH,0x00000000,,20K,20480,1,CH32V407/EVT/EXAM/IAP/USB_UART/CH32V407_IAP/Ld/Link.ld,1,#,single-source,evt:CH32V407/EVT/EXAM/IAP/USB_UART/CH32V407_IAP/Ld/Link.ld
evt-v407-iap,RAM,0x20000000+1024,536871936,136K-1K,138240,,CH32V407/EVT/EXAM/IAP/USB_UART/CH32V407_IAP/Ld/Link.ld,5,#,single-source,evt:CH32V407/EVT/EXAM/IAP/USB_UART/CH32V407_IAP/Ld/Link.ld
evt-v407-app,FLASH,0x00005000,20480,576K-20K,569344,1,CH32V407/EVT/EXAM/IAP/USB_UART/CH32V407_APP/Ld/Link.ld,1,#,single-source,evt:CH32V407/EVT/EXAM/IAP/USB_UART/CH32V407_APP/Ld/Link.ld
evt-v407-app,RAM,0x20000000+1024,536871936,136K-1K,138240,,CH32V407/EVT/EXAM/IAP/USB_UART/CH32V407_APP/Ld/Link.ld,5,#,single-source,evt:CH32V407/EVT/EXAM/IAP/USB_UART/CH32V407_APP/Ld/Link.ld
evt-x035-app,FLASH,0x00005000,20480,42K,43008,1,CH32X035/EVT/EXAM/IAP/USB_UART/CH32X035_APP/Ld/Link.ld,1,#,single-source,evt:CH32X035/EVT/EXAM/IAP/USB_UART/CH32X035_APP/Ld/Link.ld
evt-x035-app,RAM,0x20000000,536870912,20K,20480,,CH32X035/EVT/EXAM/IAP/USB_UART/CH32X035_APP/Ld/Link.ld,5,#,single-source,evt:CH32X035/EVT/EXAM/IAP/USB_UART/CH32X035_APP/Ld/Link.ld
evt-x315-iap,FLASH,0x00000000,,192K,196608,0,CH32X315/EVT/EXAM/IAP/USB_UART/CH32X315_IAP/Ld/Link.ld,1,#,single-source,evt:CH32X315/EVT/EXAM/IAP/USB_UART/CH32X315_IAP/Ld/Link.ld
evt-x315-iap,RAM,0x20000000,536870912,64K,65536,,CH32X315/EVT/EXAM/IAP/USB_UART/CH32X315_IAP/Ld/Link.ld,5,#,single-source,evt:CH32X315/EVT/EXAM/IAP/USB_UART/CH32X315_IAP/Ld/Link.ld
evt-x315-app,FLASH,0x00005000,20480,172K,176128,1,CH32X315/EVT/EXAM/IAP/USB_UART/CH32X315_APP/Ld/Link.ld,1,#,single-source,evt:CH32X315/EVT/EXAM/IAP/USB_UART/CH32X315_APP/Ld/Link.ld
evt-x315-app,RAM,0x20000000,536870912,64K,65536,,CH32X315/EVT/EXAM/IAP/USB_UART/CH32X315_APP/Ld/Link.ld,5,#,single-source,evt:CH32X315/EVT/EXAM/IAP/USB_UART/CH32X315_APP/Ld/Link.ld
evt-l103-app,FLASH,0x00005000,20480,44K,45056,1,CH32L103/EVT/EXAM/IAP/USB_UART/CH32L103_APP/Ld/Link.ld,1,#,single-source,evt:CH32L103/EVT/EXAM/IAP/USB_UART/CH32L103_APP/Ld/Link.ld
evt-l103-app,RAM,0x20000000,536870912,20K,20480,,CH32L103/EVT/EXAM/IAP/USB_UART/CH32L103_APP/Ld/Link.ld,5,#,single-source,evt:CH32L103/EVT/EXAM/IAP/USB_UART/CH32L103_APP/Ld/Link.ld
evt-m030-app,FLASH,0x00005000,20480,64K,65536,0,CH32M030/EVT/EXAM/IAP/UART_USB_IAP/CH32M030_APP/Ld/Link.ld,1,#,single-source,evt:CH32M030/EVT/EXAM/IAP/UART_USB_IAP/CH32M030_APP/Ld/Link.ld
evt-m030-app,RAM,0x20000000,536870912,12K,12288,,CH32M030/EVT/EXAM/IAP/UART_USB_IAP/CH32M030_APP/Ld/Link.ld,5,#,single-source,evt:CH32M030/EVT/EXAM/IAP/UART_USB_IAP/CH32M030_APP/Ld/Link.ld
evt-h417-v3f-iap,FLASH,0x00000000,,24K,24576,1,CH32H417/EVT/EXAM/IAP/USB_UART/CH32H417_IAP/Common/Ld/V3F/Link_v3f.ld,1,#,single-source,evt:CH32H417/EVT/EXAM/IAP/USB_UART/CH32H417_IAP/Common/Ld/V3F/Link_v3f.ld
evt-h417-v3f-iap,RAM_CODE,0x20100000,537919488,24K,24576,,CH32H417/EVT/EXAM/IAP/USB_UART/CH32H417_IAP/Common/Ld/V3F/Link_v3f.ld,5,#,single-source,evt:CH32H417/EVT/EXAM/IAP/USB_UART/CH32H417_IAP/Common/Ld/V3F/Link_v3f.ld
evt-h417-v3f-iap,RAM,(0x20110000+256),537985280,(20K-256),20224,,CH32H417/EVT/EXAM/IAP/USB_UART/CH32H417_IAP/Common/Ld/V3F/Link_v3f.ld,10,#,single-source,evt:CH32H417/EVT/EXAM/IAP/USB_UART/CH32H417_IAP/Common/Ld/V3F/Link_v3f.ld
evt-h417-v3f-iap,RAM_LOAD,0x20110000,537985024,256,256,,CH32H417/EVT/EXAM/IAP/USB_UART/CH32H417_IAP/Common/Ld/V3F/Link_v3f.ld,11,#,single-source,evt:CH32H417/EVT/EXAM/IAP/USB_UART/CH32H417_IAP/Common/Ld/V3F/Link_v3f.ld
evt-h417-v3f-app,FLASH,0x00006000,24576,64K-24K,40960,1,CH32H417/EVT/EXAM/IAP/USB_UART/CH32H417_APP/Common/Ld/V3F/Link_v3f.ld,1,#,single-source,evt:CH32H417/EVT/EXAM/IAP/USB_UART/CH32H417_APP/Common/Ld/V3F/Link_v3f.ld
evt-h417-v3f-app,RAM_CODE,0x20100000,537919488,64K-24K,40960,,CH32H417/EVT/EXAM/IAP/USB_UART/CH32H417_APP/Common/Ld/V3F/Link_v3f.ld,5,#,single-source,evt:CH32H417/EVT/EXAM/IAP/USB_UART/CH32H417_APP/Common/Ld/V3F/Link_v3f.ld
evt-h417-v3f-app,RAM,(0x20110000+256),537985280,(448K-256),458496,,CH32H417/EVT/EXAM/IAP/USB_UART/CH32H417_APP/Common/Ld/V3F/Link_v3f.ld,10,#,single-source,evt:CH32H417/EVT/EXAM/IAP/USB_UART/CH32H417_APP/Common/Ld/V3F/Link_v3f.ld
evt-h417-v3f-app,RAM_LOAD,0x20110000,537985024,256,256,,CH32H417/EVT/EXAM/IAP/USB_UART/CH32H417_APP/Common/Ld/V3F/Link_v3f.ld,11,#,single-source,evt:CH32H417/EVT/EXAM/IAP/USB_UART/CH32H417_APP/Common/Ld/V3F/Link_v3f.ld
evt-h417-v5f-iap,FLASH,0x00010000,65536,128K,131072,0,CH32H417/EVT/EXAM/IAP/USB_UART/CH32H417_IAP/Common/Ld/V5F/Link_v5f.ld,1,#,single-source,evt:CH32H417/EVT/EXAM/IAP/USB_UART/CH32H417_IAP/Common/Ld/V5F/Link_v5f.ld
evt-h417-v5f-iap,RAM_CODE,0x200A0000,537526272,128K,131072,,CH32H417/EVT/EXAM/IAP/USB_UART/CH32H417_IAP/Common/Ld/V5F/Link_v5f.ld,5,#,single-source,evt:CH32H417/EVT/EXAM/IAP/USB_UART/CH32H417_IAP/Common/Ld/V5F/Link_v5f.ld
evt-h417-v5f-iap,RAM,(0x200C0000+512+256),537658112,(256K-512-256),261376,,CH32H417/EVT/EXAM/IAP/USB_UART/CH32H417_IAP/Common/Ld/V5F/Link_v5f.ld,10,#,single-source,evt:CH32H417/EVT/EXAM/IAP/USB_UART/CH32H417_IAP/Common/Ld/V5F/Link_v5f.ld
evt-h417-v5f-iap,RAM_LOAD,(0x200C0000+512),537657856,256,256,,CH32H417/EVT/EXAM/IAP/USB_UART/CH32H417_IAP/Common/Ld/V5F/Link_v5f.ld,11,#,single-source,evt:CH32H417/EVT/EXAM/IAP/USB_UART/CH32H417_IAP/Common/Ld/V5F/Link_v5f.ld
evt-h417-v5f-app,FLASH,0x00010000,65536,128K,131072,0,CH32H417/EVT/EXAM/IAP/USB_UART/CH32H417_APP/Common/Ld/V5F/Link_v5f.ld,1,#,single-source,evt:CH32H417/EVT/EXAM/IAP/USB_UART/CH32H417_APP/Common/Ld/V5F/Link_v5f.ld
evt-h417-v5f-app,RAM_CODE,0x200A0000,537526272,128K,131072,,CH32H417/EVT/EXAM/IAP/USB_UART/CH32H417_APP/Common/Ld/V5F/Link_v5f.ld,5,#,single-source,evt:CH32H417/EVT/EXAM/IAP/USB_UART/CH32H417_APP/Common/Ld/V5F/Link_v5f.ld
evt-h417-v5f-app,RAM,(0x200C0000+512+256),537658112,(256K-512-256),261376,,CH32H417/EVT/EXAM/IAP/USB_UART/CH32H417_APP/Common/Ld/V5F/Link_v5f.ld,10,#,single-source,evt:CH32H417/EVT/EXAM/IAP/USB_UART/CH32H417_APP/Common/Ld/V5F/Link_v5f.ld
evt-h417-v5f-app,RAM_LOAD,(0x200C0000+512),537657856,256,256,,CH32H417/EVT/EXAM/IAP/USB_UART/CH32H417_APP/Common/Ld/V5F/Link_v5f.ld,11,#,single-source,evt:CH32H417/EVT/EXAM/IAP/USB_UART/CH32H417_APP/Common/Ld/V5F/Link_v5f.ld
oss-rv003usb-bl,FLASH,0x00000000,,1916,1916,1,rv003usb/bootloader/ch32v003fun-usb-bootloader.ld,1,#,single-source,oss:rv003usb/bootloader/ch32v003fun-usb-bootloader.ld
oss-rv003usb-bl,SECRET,0x0000077C,1916,4,4,,rv003usb/bootloader/ch32v003fun-usb-bootloader.ld,5,#,single-source,oss:rv003usb/bootloader/ch32v003fun-usb-bootloader.ld
oss-rv003usb-bl,RAM,0x20000000,536870912,2K,2048,,rv003usb/bootloader/ch32v003fun-usb-bootloader.ld,5,#,single-source,oss:rv003usb/bootloader/ch32v003fun-usb-bootloader.ld
oss-ch32fun-bl,FLASH,0x00000000,,3328,3328,,ch32fun/examples_usb/bootloader/ch32x035-usb-bootloader.ld,1,#,single-source,oss:ch32fun/examples_usb/bootloader/ch32x035-usb-bootloader.ld
oss-ch32fun-bl,RAM,0x20000000,536870912,20K,20480,,ch32fun/examples_usb/bootloader/ch32x035-usb-bootloader.ld,5,#,single-source,oss:ch32fun/examples_usb/bootloader/ch32x035-usb-bootloader.ld
oss-ch32fun-bl,FLASH,0x00000000,,8192,8192,,ch32fun/examples_usb/bootloader/ch570-usb-bootloader.ld,1,#,single-source,oss:ch32fun/examples_usb/bootloader/ch570-usb-bootloader.ld
oss-ch32fun-bl,RAM,0x20000000,536870912,12K,12288,,ch32fun/examples_usb/bootloader/ch570-usb-bootloader.ld,5,#,single-source,oss:ch32fun/examples_usb/bootloader/ch570-usb-bootloader.ld
