stub_id,host_tool,repo,path,line,name,target_family,blob_bytes,active,source_form,is_generated,generated_from,disasm_path,equiv_group,reg_set,rv32ec_safe,notes,#,confidence,basis
b003-byte_wise_read,minichlink/pgm-b003fun,ch32fun,ch32fun/minichlink/pgm-b003fun.c,38,byte_wise_read_blob,V003;V00X;X035;V20x;V30x;CH5xx,48,1,hex-array,0,,stub_disasm/b003-byte_wise_read.asm,,x0 x10 x11 x12 x13 x14,1,,#,attested,oss:ch32fun/minichlink/pgm-b003fun.c(L38)
b003-half_wise_read,minichlink/pgm-b003fun,ch32fun,ch32fun/minichlink/pgm-b003fun.c,45,half_wise_read_blob,V003;V00X;X035;V20x;V30x;CH5xx,48,1,hex-array,0,,stub_disasm/b003-half_wise_read.asm,,x0 x2 x10 x11 x12 x13 x14,1,,#,attested,oss:ch32fun/minichlink/pgm-b003fun.c(L45)
b003-word_wise_read,minichlink/pgm-b003fun,ch32fun,ch32fun/minichlink/pgm-b003fun.c,52,word_wise_read_blob,V003;V00X;X035;V20x;V30x;CH5xx,48,1,hex-array,0,,stub_disasm/b003-word_wise_read.asm,,x0 x10 x11 x12 x13 x14,1,,#,attested,oss:ch32fun/minichlink/pgm-b003fun.c(L52)
b003-word_wise_write,minichlink/pgm-b003fun,ch32fun,ch32fun/minichlink/pgm-b003fun.c,59,word_wise_write_blob,V003;V00X;X035;V20x;V30x;CH5xx,48,1,hex-array,0,,stub_disasm/b003-word_wise_write.asm,,x0 x10 x11 x12 x13 x14,1,同じ配列内にコメントアウトされた代替版あり,#,attested,oss:ch32fun/minichlink/pgm-b003fun.c(L59)
b003-write64_flash,minichlink/pgm-b003fun,ch32fun,ch32fun/minichlink/pgm-b003fun.c,71,write64_flash,V003;V00X;X035;V20x;V30x;CH5xx,48,1,hex-array,0,,stub_disasm/b003-write64_flash.asm,,x10 x11 x12 x13 x14 x15,1,,#,attested,oss:ch32fun/minichlink/pgm-b003fun.c(L71)
b003-half_wise_write,minichlink/pgm-b003fun,ch32fun,ch32fun/minichlink/pgm-b003fun.c,78,half_wise_write_blob,V003;V00X;X035;V20x;V30x;CH5xx,48,1,hex-array,0,,stub_disasm/b003-half_wise_write.asm,,x0 x2 x10 x11 x12 x13 x14,1,,#,attested,oss:ch32fun/minichlink/pgm-b003fun.c(L78)
b003-byte_wise_write,minichlink/pgm-b003fun,ch32fun,ch32fun/minichlink/pgm-b003fun.c,85,byte_wise_write_blob,V003;V00X;X035;V20x;V30x;CH5xx,48,1,hex-array,0,,stub_disasm/b003-byte_wise_write.asm,,x0 x10 x11 x12 x13 x14,1,,#,attested,oss:ch32fun/minichlink/pgm-b003fun.c(L85)
b003-halt_wait,minichlink/pgm-b003fun,ch32fun,ch32fun/minichlink/pgm-b003fun.c,94,halt_wait_blob,V003;V00X;X035;V20x;V30x;CH5xx,10,1,hex-array,0,,stub_disasm/b003-halt_wait.asm,,x10 x11 x13,1,,#,attested,oss:ch32fun/minichlink/pgm-b003fun.c(L94)
b003-run_app,minichlink/pgm-b003fun,ch32fun,ch32fun/minichlink/pgm-b003fun.c,113,run_app_blob,V003;V00X;X035;V20x;V30x;CH5xx,120,1,hex-array,0,,stub_disasm/b003-run_app.asm,,x0 x11 x13 x14 x15,1,同じ配列内にコメントアウトされた代替版あり,#,attested,oss:ch32fun/minichlink/pgm-b003fun.c(L113)
b003-run_app_new,minichlink/pgm-b003fun,ch32fun,ch32fun/minichlink/pgm-b003fun.c,150,run_app_new_blob,V003;V00X;X035;V20x;V30x;CH5xx,8,1,hex-array,0,,stub_disasm/b003-run_app_new.asm,,x10 x13,1,,#,attested,oss:ch32fun/minichlink/pgm-b003fun.c(L150)
b003-write_block,minichlink/pgm-b003fun,ch32fun,ch32fun/minichlink/pgm-b003fun.c,167,write_block_bin,V003;V00X;X035;V20x;V30x;CH5xx,104,1,hex-array,0,,stub_disasm/b003-write_block.asm,,x5 x6 x10 x11 x12 x13 x14 x15,1,,#,attested,oss:ch32fun/minichlink/pgm-b003fun.c(L167)
b003-write_block_v20x_v30x,minichlink/pgm-b003fun,ch32fun,ch32fun/minichlink/pgm-b003fun.c,180,write_block_bin_v20x_v30x,V003;V00X;X035;V20x;V30x;CH5xx,104,1,hex-array,0,,stub_disasm/b003-write_block_v20x_v30x.asm,,x5 x6 x10 x11 x12 x13 x14 x15,1,,#,attested,oss:ch32fun/minichlink/pgm-b003fun.c(L180)
b003-erase_block,minichlink/pgm-b003fun,ch32fun,ch32fun/minichlink/pgm-b003fun.c,204,erase_block_bin,V003;V00X;X035;V20x;V30x;CH5xx,52,1,hex-array,0,,stub_disasm/b003-erase_block.asm,,x5 x10 x11 x12 x13 x14 x15,1,,#,attested,oss:ch32fun/minichlink/pgm-b003fun.c(L204)
b003-run_app-commented,minichlink/pgm-b003fun,ch32fun,ch32fun/minichlink/pgm-b003fun.c,105,run_app_blob,V003,48,0,hex-array,0,,stub_disasm/b003-run_app-commented.asm,,x0 x14 x15,1,コメントアウトされた旧版,#,attested,oss:ch32fun/minichlink/pgm-b003fun.c(L105)
b003-write_block-commented,minichlink/pgm-b003fun,ch32fun,ch32fun/minichlink/pgm-b003fun.c,156,write_block_bin,V003,80,0,hex-array,0,,stub_disasm/b003-write_block-commented.asm,,x5 x6 x10 x11 x12 x13 x14 x15,1,コメントアウトされた旧版,#,attested,oss:ch32fun/minichlink/pgm-b003fun.c(L156)
linke-flashloader-v1,minichlink/pgm-wch-linke,ch32fun,ch32fun/minichlink/pgm-wch-linke.c,733,bootloader_v1,V20x,512,1,raw-byte-string,0,,stub_disasm/linke-flashloader-v1.asm,,x0 x2 x6 x10 x11 x12 x13 x14 x15 x16 x17 x28 x29,0,宣言 .len=512(0xff padding 込み),#,attested,oss:ch32fun/minichlink/pgm-wch-linke.c(L733)
linke-flashloader-v2,minichlink/pgm-wch-linke,ch32fun,ch32fun/minichlink/pgm-wch-linke.c,771,bootloader_v2,V20x and V30x series MCUs,512,1,raw-byte-string,0,,stub_disasm/linke-flashloader-v2.asm,,x0 x2 x6 x10 x11 x12 x13 x14 x15 x16 x17 x28,0,宣言 .len=512(0xff padding 込み),#,attested,oss:ch32fun/minichlink/pgm-wch-linke.c(L771)
linke-flashloader-v3,minichlink/pgm-wch-linke,ch32fun,ch32fun/minichlink/pgm-wch-linke.c,809,bootloader_v3,"CH58x, CH59x and CH570/2(?)",1536,1,raw-byte-string,0,,stub_disasm/linke-flashloader-v3.asm,,x0 x1 x2 x3 x6 x7 x8 x9 x10 x11 x12 x13 x14 x15 x18 x19 x20 x21 x22 x23 x24 x25 x26 x29 x30 x31,0,宣言 .len=1536(0xff padding 込み),#,attested,oss:ch32fun/minichlink/pgm-wch-linke.c(L809)
linke-flashloader-v4,minichlink/pgm-wch-linke,ch32fun,ch32fun/minichlink/pgm-wch-linke.c,911,bootloader_v4,CH57x,1280,1,raw-byte-string,0,,stub_disasm/linke-flashloader-v4.asm,,x0 x1 x2 x3 x4 x7 x8 x9 x10 x11 x12 x13 x14 x15 x18 x19 x20 x21 x22 x23 x24 x25 x26 x30 x31,0,宣言 .len=1280(0xff padding 込み),#,attested,oss:ch32fun/minichlink/pgm-wch-linke.c(L911)
b003stub-ch5xx_flash_addr,minichlink/stubs/b003,ch32fun,ch32fun/minichlink/stubs/b003/ch5xx_flash_addr.h,1,ch5xx_flash_addr_bin,CH5xx,96,1,generated-header,1,ch32fun/minichlink/stubs/b003/ch5xx_flash_addr.S,stub_disasm/b003stub-ch5xx_flash_addr.asm,,x0 x10 x11 x12 x13 x14 x15,1,,#,attested,oss:ch32fun/minichlink/stubs/b003/ch5xx_flash_addr.h
b003stub-ch5xx_flash_begin,minichlink/stubs/b003,ch32fun,ch32fun/minichlink/stubs/b003/ch5xx_flash_begin.h,1,ch5xx_flash_begin_bin,CH5xx,40,1,generated-header,1,ch32fun/minichlink/stubs/b003/ch5xx_flash_begin.S,stub_disasm/b003stub-ch5xx_flash_begin.asm,,x0 x10 x13 x14 x15,1,,#,attested,oss:ch32fun/minichlink/stubs/b003/ch5xx_flash_begin.h
b003stub-ch5xx_flash_end,minichlink/stubs/b003,ch32fun,ch32fun/minichlink/stubs/b003/ch5xx_flash_end.h,1,ch5xx_flash_end_bin,CH5xx,26,1,generated-header,1,ch32fun/minichlink/stubs/b003/ch5xx_flash_end.S,stub_disasm/b003stub-ch5xx_flash_end.asm,,x0 x10 x13 x14,1,,#,attested,oss:ch32fun/minichlink/stubs/b003/ch5xx_flash_end.h
b003stub-ch5xx_flash_erase,minichlink/stubs/b003,ch32fun,ch32fun/minichlink/stubs/b003/ch5xx_flash_erase.h,1,ch5xx_flash_erase_bin,CH5xx,316,1,generated-header,1,ch32fun/minichlink/stubs/b003/ch5xx_flash_erase.S,stub_disasm/b003stub-ch5xx_flash_erase.asm,,x0 x5 x6 x7 x10 x11 x12 x13 x14 x15,1,,#,attested,oss:ch32fun/minichlink/stubs/b003/ch5xx_flash_erase.h
b003stub-ch5xx_flash_in,minichlink/stubs/b003,ch32fun,ch32fun/minichlink/stubs/b003/ch5xx_flash_in.h,1,ch5xx_flash_in_bin,CH5xx,28,1,generated-header,1,ch32fun/minichlink/stubs/b003/ch5xx_flash_in.S,stub_disasm/b003stub-ch5xx_flash_in.asm,,x10 x13 x14 x15,1,,#,attested,oss:ch32fun/minichlink/stubs/b003/ch5xx_flash_in.h
b003stub-ch5xx_flash_open,minichlink/stubs/b003,ch32fun,ch32fun/minichlink/stubs/b003/ch5xx_flash_open.h,1,ch5xx_flash_open_bin,CH5xx,66,1,generated-header,1,ch32fun/minichlink/stubs/b003/ch5xx_flash_open.S,stub_disasm/b003stub-ch5xx_flash_open.asm,,x0 x10 x13 x14 x15,1,,#,attested,oss:ch32fun/minichlink/stubs/b003/ch5xx_flash_open.h
b003stub-ch5xx_flash_out,minichlink/stubs/b003,ch32fun,ch32fun/minichlink/stubs/b003/ch5xx_flash_out.h,1,ch5xx_flash_out_bin,CH5xx,32,1,generated-header,1,ch32fun/minichlink/stubs/b003/ch5xx_flash_out.S,stub_disasm/b003stub-ch5xx_flash_out.asm,,x10 x13 x14 x15,1,,#,attested,oss:ch32fun/minichlink/stubs/b003/ch5xx_flash_out.h
b003stub-ch5xx_flash_read_byte,minichlink/stubs/b003,ch32fun,ch32fun/minichlink/stubs/b003/ch5xx_flash_read_byte.h,1,ch5xx_flash_read_byte_bin,CH5xx,164,1,generated-header,1,ch32fun/minichlink/stubs/b003/ch5xx_flash_read_byte.S,stub_disasm/b003stub-ch5xx_flash_read_byte.asm,,x0 x10 x11 x12 x13 x14 x15,1,,#,attested,oss:ch32fun/minichlink/stubs/b003/ch5xx_flash_read_byte.h
b003stub-ch5xx_flash_read_word,minichlink/stubs/b003,ch32fun,ch32fun/minichlink/stubs/b003/ch5xx_flash_read_word.h,1,ch5xx_flash_read_word_bin,CH5xx,172,1,generated-header,1,ch32fun/minichlink/stubs/b003/ch5xx_flash_read_word.S,stub_disasm/b003stub-ch5xx_flash_read_word.asm,,x0 x10 x11 x12 x13 x14 x15,1,,#,attested,oss:ch32fun/minichlink/stubs/b003/ch5xx_flash_read_word.h
b003stub-ch5xx_flash_wait,minichlink/stubs/b003,ch32fun,ch32fun/minichlink/stubs/b003/ch5xx_flash_wait.h,1,ch5xx_flash_wait_bin,CH5xx,104,1,generated-header,1,ch32fun/minichlink/stubs/b003/ch5xx_flash_wait.S,stub_disasm/b003stub-ch5xx_flash_wait.asm,,x0 x10 x12 x13 x14 x15,1,,#,attested,oss:ch32fun/minichlink/stubs/b003/ch5xx_flash_wait.h
b003stub-ch5xx_flash_write_block,minichlink/stubs/b003,ch32fun,ch32fun/minichlink/stubs/b003/ch5xx_flash_write_block.h,1,ch5xx_flash_write_block_bin,CH5xx,388,1,generated-header,1,ch32fun/minichlink/stubs/b003/ch5xx_flash_write_block.S,stub_disasm/b003stub-ch5xx_flash_write_block.asm,,x0 x5 x6 x7 x10 x11 x12 x13 x14 x15,1,,#,attested,oss:ch32fun/minichlink/stubs/b003/ch5xx_flash_write_block.h
b003stub-ch5xx_write_safe,minichlink/stubs/b003,ch32fun,ch32fun/minichlink/stubs/b003/ch5xx_write_safe.h,1,ch5xx_write_safe_bin,CH5xx,64,1,generated-header,1,ch32fun/minichlink/stubs/b003/ch5xx_write_safe.S,stub_disasm/b003stub-ch5xx_write_safe.asm,,x0 x5 x6 x10 x12 x13 x14 x15,1,,#,attested,oss:ch32fun/minichlink/stubs/b003/ch5xx_write_safe.h
b003stub-erase_block,minichlink/stubs/b003,ch32fun,ch32fun/minichlink/stubs/b003/erase_block.h,1,erase_block_bin,V003;V00X;X035;V20x;V30x,52,1,generated-header,1,ch32fun/minichlink/stubs/b003/erase_block.S,stub_disasm/b003stub-erase_block.asm,,x5 x10 x11 x12 x13 x14 x15,1,,#,attested,oss:ch32fun/minichlink/stubs/b003/erase_block.h
b003stub-write_block,minichlink/stubs/b003,ch32fun,ch32fun/minichlink/stubs/b003/write_block.h,1,write_block_bin,V003;V00X;X035;V20x;V30x,104,1,generated-header,1,ch32fun/minichlink/stubs/b003/write_block.S,stub_disasm/b003stub-write_block.asm,,x5 x6 x10 x11 x12 x13 x14 x15,1,,#,attested,oss:ch32fun/minichlink/stubs/b003/write_block.h
b003stub-write_block_v20x,minichlink/stubs/b003,ch32fun,ch32fun/minichlink/stubs/b003/write_block_v20x.h,1,write_block_v20x_bin,V003;V00X;X035;V20x;V30x,104,1,generated-header,1,ch32fun/minichlink/stubs/b003/write_block_v20x.S,stub_disasm/b003stub-write_block_v20x.asm,,x5 x6 x10 x11 x12 x13 x14 x15,1,,#,attested,oss:ch32fun/minichlink/stubs/b003/write_block_v20x.h
asm-ch5xx_flash_addr,minichlink/stubs,ch32fun,ch32fun/minichlink/stubs/b003/ch5xx_flash_addr.S,1,ch5xx_flash_addr,CH5xx,,1,asm,0,,,,x0 x10 x11 x12 x13 x14 x15,1,サイズはビルド条件依存のため空(§4.1),#,attested,oss:ch32fun/minichlink/stubs/b003/ch5xx_flash_addr.S
asm-ch5xx_flash_begin,minichlink/stubs,ch32fun,ch32fun/minichlink/stubs/b003/ch5xx_flash_begin.S,1,ch5xx_flash_begin,CH5xx,,1,asm,0,,,,x0 x10 x13 x14 x15,1,サイズはビルド条件依存のため空(§4.1),#,attested,oss:ch32fun/minichlink/stubs/b003/ch5xx_flash_begin.S
asm-ch5xx_flash_end,minichlink/stubs,ch32fun,ch32fun/minichlink/stubs/b003/ch5xx_flash_end.S,1,ch5xx_flash_end,CH5xx,,1,asm,0,,,,x0 x10 x13 x14,1,サイズはビルド条件依存のため空(§4.1),#,attested,oss:ch32fun/minichlink/stubs/b003/ch5xx_flash_end.S
asm-ch5xx_flash_erase,minichlink/stubs,ch32fun,ch32fun/minichlink/stubs/b003/ch5xx_flash_erase.S,1,ch5xx_flash_erase,CH5xx,,1,asm,0,,,,x0 x5 x6 x7 x10 x11 x12 x13 x14 x15,1,サイズはビルド条件依存のため空(§4.1),#,attested,oss:ch32fun/minichlink/stubs/b003/ch5xx_flash_erase.S
asm-ch5xx_flash_in,minichlink/stubs,ch32fun,ch32fun/minichlink/stubs/b003/ch5xx_flash_in.S,1,ch5xx_flash_in,CH5xx,,1,asm,0,,,,x0 x10 x13 x14 x15,1,サイズはビルド条件依存のため空(§4.1),#,attested,oss:ch32fun/minichlink/stubs/b003/ch5xx_flash_in.S
asm-ch5xx_flash_open,minichlink/stubs,ch32fun,ch32fun/minichlink/stubs/b003/ch5xx_flash_open.S,1,ch5xx_flash_open,CH5xx,,1,asm,0,,,,x0 x10 x13 x14 x15,1,サイズはビルド条件依存のため空(§4.1),#,attested,oss:ch32fun/minichlink/stubs/b003/ch5xx_flash_open.S
asm-ch5xx_flash_out,minichlink/stubs,ch32fun,ch32fun/minichlink/stubs/b003/ch5xx_flash_out.S,1,ch5xx_flash_out,CH5xx,,1,asm,0,,,,x0 x10 x13 x14 x15,1,サイズはビルド条件依存のため空(§4.1),#,attested,oss:ch32fun/minichlink/stubs/b003/ch5xx_flash_out.S
asm-ch5xx_flash_read_byte,minichlink/stubs,ch32fun,ch32fun/minichlink/stubs/b003/ch5xx_flash_read_byte.S,1,ch5xx_flash_read_byte,CH5xx,,1,asm,0,,,,x0 x10 x11 x12 x13 x14 x15,1,サイズはビルド条件依存のため空(§4.1),#,attested,oss:ch32fun/minichlink/stubs/b003/ch5xx_flash_read_byte.S
asm-ch5xx_flash_read_word,minichlink/stubs,ch32fun,ch32fun/minichlink/stubs/b003/ch5xx_flash_read_word.S,1,ch5xx_flash_read_word,CH5xx,,1,asm,0,,,,x0 x10 x11 x12 x13 x14 x15,1,サイズはビルド条件依存のため空(§4.1),#,attested,oss:ch32fun/minichlink/stubs/b003/ch5xx_flash_read_word.S
asm-ch5xx_flash_wait,minichlink/stubs,ch32fun,ch32fun/minichlink/stubs/b003/ch5xx_flash_wait.S,1,ch5xx_flash_wait,CH5xx,,1,asm,0,,,,x0 x10 x12 x13 x14 x15,1,サイズはビルド条件依存のため空(§4.1),#,attested,oss:ch32fun/minichlink/stubs/b003/ch5xx_flash_wait.S
asm-ch5xx_flash_write_block,minichlink/stubs,ch32fun,ch32fun/minichlink/stubs/b003/ch5xx_flash_write_block.S,1,ch5xx_flash_write_block,CH5xx,,1,asm,0,,,,x0 x5 x6 x7 x10 x11 x12 x13 x14 x15,1,サイズはビルド条件依存のため空(§4.1),#,attested,oss:ch32fun/minichlink/stubs/b003/ch5xx_flash_write_block.S
asm-ch5xx_write_safe,minichlink/stubs,ch32fun,ch32fun/minichlink/stubs/b003/ch5xx_write_safe.S,1,ch5xx_write_safe,CH5xx,,1,asm,0,,,,x0 x5 x6 x10 x12 x13 x14 x15,1,サイズはビルド条件依存のため空(§4.1),#,attested,oss:ch32fun/minichlink/stubs/b003/ch5xx_write_safe.S
asm-erase_block,minichlink/stubs,ch32fun,ch32fun/minichlink/stubs/b003/erase_block.S,1,erase_block,V003;V00X;X035;V20x;V30x,,1,asm,0,,,,x5 x10 x11 x12 x13 x14 x15,1,サイズはビルド条件依存のため空(§4.1),#,attested,oss:ch32fun/minichlink/stubs/b003/erase_block.S
asm-write_block,minichlink/stubs,ch32fun,ch32fun/minichlink/stubs/b003/write_block.S,1,write_block,V003;V00X;X035;V20x;V30x,,1,asm,0,,,,x5 x6 x10 x11 x12 x13 x14 x15,1,サイズはビルド条件依存のため空(§4.1),#,attested,oss:ch32fun/minichlink/stubs/b003/write_block.S
asm-write_block_v20x,minichlink/stubs,ch32fun,ch32fun/minichlink/stubs/b003/write_block_v20x.S,1,write_block_v20x,V003;V00X;X035;V20x;V30x,,1,asm,0,,,,x5 x6 x10 x11 x12 x13 x14 x15,1,サイズはビルド条件依存のため空(§4.1),#,attested,oss:ch32fun/minichlink/stubs/b003/write_block_v20x.S
asm-erase_block-attic,misc/attic,ch32fun,ch32fun/misc/attic/rv003usb_bootloader_stubs_for_minichlink/erase_block.asm,1,erase_block,V003;V00X;X035;V20x;V30x,,1,asm,0,,,,x5 x10 x11 x12 x13 x14 x15,1,サイズはビルド条件依存のため空(§4.1),#,attested,oss:ch32fun/misc/attic/rv003usb_bootloader_stubs_for_minichlink/erase_block.asm
asm-write_block-attic,misc/attic,ch32fun,ch32fun/misc/attic/rv003usb_bootloader_stubs_for_minichlink/write_block.asm,1,write_block,V003;V00X;X035;V20x;V30x,,1,asm,0,,,,x5 x6 x10 x11 x12 x13 x14 x15,1,サイズはビルド条件依存のため空(§4.1),#,attested,oss:ch32fun/misc/attic/rv003usb_bootloader_stubs_for_minichlink/write_block.asm
wlink-CH32V307,wlink/flash_op,ch32rv,crates/flash/src/stub.rs,36,CH32V307,V20x(0x05) / V30x(0x06),446,1,raw-byte-array,0,,stub_disasm/wlink-CH32V307.asm,,x0 x2 x6 x10 x11 x12 x13 x14 x15 x16 x17 x28,0,fnv1a64=8442a2fdf21f3a2a; 先頭4B=01 11 02 ce,#,attested,oss:ch32-rs/wlink/src/flash_op.rs (via ch32rv/crates/flash/src/stub.rs)
wlink-CH32V103,wlink/flash_op,ch32rv,crates/flash/src/stub.rs,68,CH32V103,V103(0x01),494,1,raw-byte-array,0,,stub_disasm/wlink-CH32V103.asm,,x0 x2 x6 x10 x11 x12 x13 x14 x15 x16 x17 x28 x29,0,fnv1a64=742030ff5a123b1b; 先頭4B=01 11 02 ce,#,attested,oss:ch32-rs/wlink/src/flash_op.rs (via ch32rv/crates/flash/src/stub.rs)
wlink-CH32V003,wlink/flash_op,ch32rv,crates/flash/src/stub.rs,103,CH32V003,V003(0x09) / CH641(0x49),498,1,raw-byte-array,0,,stub_disasm/wlink-CH32V003.asm,,x0 x2 x5 x6 x7 x8 x9 x10 x11 x12 x13 x14 x15,1,fnv1a64=59bd20460d05dc7b; 先頭4B=11 11 22 cc,#,attested,oss:ch32-rs/wlink/src/flash_op.rs (via ch32rv/crates/flash/src/stub.rs)
wlink-CH643,wlink/flash_op,ch32rv,crates/flash/src/stub.rs,139,CH643,X035(0x0d) / CH643(0x0c),488,1,raw-byte-array,0,,stub_disasm/wlink-CH643.asm,,x0 x2 x6 x10 x11 x12 x13 x14 x15 x16 x17 x28 x29 x30,0,fnv1a64=e83c3783efcabbc6; 先頭4B=01 11 02 ce,#,attested,oss:ch32-rs/wlink/src/flash_op.rs (via ch32rv/crates/flash/src/stub.rs)
wlink-CH32L103,wlink/flash_op,ch32rv,crates/flash/src/stub.rs,174,CH32L103,L103(0x0e),512,1,raw-byte-array,0,,stub_disasm/wlink-CH32L103.asm,,x0 x2 x6 x10 x11 x12 x13 x14 x15 x16 x17 x28 x29 x30,0,fnv1a64=fae70418d222d66e; 先頭4B=01 11 02 ce,#,attested,oss:ch32-rs/wlink/src/flash_op.rs (via ch32rv/crates/flash/src/stub.rs)
