stub_name,kind,scratchpad_offset,width_bytes,direction,meaning,source_line,#,confidence,basis
byte_wise_write_blob,code,4,48,in,stub 本体(byte_wise_write_blob),454,#,attested,oss:ch32fun/minichlink/pgm-b003fun.c(L454)
byte_wise_write_blob,arg,52,4,in,Base address to write.,455,#,attested,oss:ch32fun/minichlink/pgm-b003fun.c(L455)
byte_wise_write_blob,arg,56,4,in,write 1 bytes.,456,#,attested,oss:ch32fun/minichlink/pgm-b003fun.c(L456)
byte_wise_write_blob,data,60,1,in,host -> target データ (blob),457,#,attested,oss:ch32fun/minichlink/pgm-b003fun.c(L457)
byte_wise_write_blob,commit,pad_size-4,4,in,"magic 0x1234abcd(send_data_len=1, receive_data_len=1)",458,#,attested,oss:ch32fun/minichlink/pgm-b003fun.c(L458)
half_wise_write_blob,code,4,48,in,stub 本体(half_wise_write_blob),468,#,attested,oss:ch32fun/minichlink/pgm-b003fun.c(L468)
half_wise_write_blob,arg,52,4,in,Base address to write.,469,#,attested,oss:ch32fun/minichlink/pgm-b003fun.c(L469)
half_wise_write_blob,arg,56,4,in,write 2 bytes.,470,#,attested,oss:ch32fun/minichlink/pgm-b003fun.c(L470)
half_wise_write_blob,data,60,2,in,host -> target データ (blob),471,#,attested,oss:ch32fun/minichlink/pgm-b003fun.c(L471)
half_wise_write_blob,commit,pad_size-4,4,in,"magic 0x1234abcd(send_data_len=2, receive_data_len=2)",472,#,attested,oss:ch32fun/minichlink/pgm-b003fun.c(L472)
word_wise_write_blob,code,4,48,in,stub 本体(word_wise_write_blob),485,#,attested,oss:ch32fun/minichlink/pgm-b003fun.c(L485)
word_wise_write_blob,arg,52,4,in,Base address to write.,486,#,attested,oss:ch32fun/minichlink/pgm-b003fun.c(L486)
word_wise_write_blob,arg,56,4,in,write 4 bytes.,487,#,attested,oss:ch32fun/minichlink/pgm-b003fun.c(L487)
word_wise_write_blob,data,60,to_write_this_time,in,host -> target データ (blob),488,#,attested,oss:ch32fun/minichlink/pgm-b003fun.c(L488)
word_wise_write_blob,commit,pad_size-4,4,in,"magic 0x1234abcd(send_data_len=to_write_this_time, receive_data_len=0)",489,#,attested,oss:ch32fun/minichlink/pgm-b003fun.c(L489)
byte_wise_write_blob,arg,56,4,in,write 1 byte.,516,#,attested,oss:ch32fun/minichlink/pgm-b003fun.c(L516)
ch5xx_flash_read_word_bin,code,4,172,in,stub 本体(ch5xx_flash_read_word_bin),549,#,attested,oss:ch32fun/minichlink/pgm-b003fun.c(L549)
ch5xx_flash_read_word_bin,arg,176,4,in,Base address to read.,550,#,attested,oss:ch32fun/minichlink/pgm-b003fun.c(L550)
ch5xx_flash_read_word_bin,arg,180,4,in,Read 4 bytes,551,#,attested,oss:ch32fun/minichlink/pgm-b003fun.c(L551)
ch5xx_flash_read_word_bin,commit,pad_size-4,4,in,"magic 0x1234abcd(send_data_len=0, receive_data_len=4)",552,#,attested,oss:ch32fun/minichlink/pgm-b003fun.c(L552)
ch5xx_flash_read_word_bin,arg,180,4,in,to_read_this_time,568,#,attested,oss:ch32fun/minichlink/pgm-b003fun.c(L568)
ch5xx_flash_read_word_bin,commit,pad_size-4,4,in,"magic 0x1234abcd(send_data_len=0, receive_data_len=to_read_this_time)",569,#,attested,oss:ch32fun/minichlink/pgm-b003fun.c(L569)
ch5xx_flash_read_byte_bin,code,4,164,in,stub 本体(ch5xx_flash_read_byte_bin),597,#,attested,oss:ch32fun/minichlink/pgm-b003fun.c(L597)
ch5xx_flash_read_byte_bin,arg,168,4,in,Base address to read.,598,#,attested,oss:ch32fun/minichlink/pgm-b003fun.c(L598)
ch5xx_flash_read_byte_bin,arg,172,4,in,to_read_this_time,599,#,attested,oss:ch32fun/minichlink/pgm-b003fun.c(L599)
ch5xx_flash_read_byte_bin,commit,pad_size-4,4,in,"magic 0x1234abcd(send_data_len=0, receive_data_len=to_read_this_time)",600,#,attested,oss:ch32fun/minichlink/pgm-b003fun.c(L600)
byte_wise_read_blob,code,4,48,in,stub 本体(byte_wise_read_blob),614,#,attested,oss:ch32fun/minichlink/pgm-b003fun.c(L614)
byte_wise_read_blob,arg,52,4,in,Base address to read.,615,#,attested,oss:ch32fun/minichlink/pgm-b003fun.c(L615)
byte_wise_read_blob,arg,56,4,in,Read 1 bytes.,616,#,attested,oss:ch32fun/minichlink/pgm-b003fun.c(L616)
byte_wise_read_blob,commit,pad_size-4,4,in,"magic 0x1234abcd(send_data_len=0, receive_data_len=1)",617,#,attested,oss:ch32fun/minichlink/pgm-b003fun.c(L617)
half_wise_read_blob,code,4,48,in,stub 本体(half_wise_read_blob),627,#,attested,oss:ch32fun/minichlink/pgm-b003fun.c(L627)
half_wise_read_blob,arg,52,4,in,Base address to read.,628,#,attested,oss:ch32fun/minichlink/pgm-b003fun.c(L628)
half_wise_read_blob,arg,56,4,in,Read 2 bytes.,629,#,attested,oss:ch32fun/minichlink/pgm-b003fun.c(L629)
half_wise_read_blob,commit,pad_size-4,4,in,"magic 0x1234abcd(send_data_len=0, receive_data_len=2)",630,#,attested,oss:ch32fun/minichlink/pgm-b003fun.c(L630)
word_wise_read_blob,code,4,48,in,stub 本体(word_wise_read_blob),643,#,attested,oss:ch32fun/minichlink/pgm-b003fun.c(L643)
word_wise_read_blob,arg,52,4,in,Base address to read.,644,#,attested,oss:ch32fun/minichlink/pgm-b003fun.c(L644)
word_wise_read_blob,arg,56,4,in,Read 4 bytes.,645,#,attested,oss:ch32fun/minichlink/pgm-b003fun.c(L645)
word_wise_read_blob,commit,pad_size-4,4,in,"magic 0x1234abcd(send_data_len=0, receive_data_len=to_read_this_time)",646,#,attested,oss:ch32fun/minichlink/pgm-b003fun.c(L646)
byte_wise_read_blob,arg,56,4,in,Read 1 byte.,671,#,attested,oss:ch32fun/minichlink/pgm-b003fun.c(L671)
run_app_new_blob,code,4,8,in,stub 本体(run_app_new_blob),688,#,attested,oss:ch32fun/minichlink/pgm-b003fun.c(L688)
run_app_blob,code,4,48,in,stub 本体(run_app_blob),689,#,attested,oss:ch32fun/minichlink/pgm-b003fun.c(L689)
run_app_new_blob,commit,pad_size-4,4,in,"magic 0x1234abcd(send_data_len=0, receive_data_len=0)",696,#,attested,oss:ch32fun/minichlink/pgm-b003fun.c(L696)
run_app_blob,commit,pad_size-4,4,in,"magic 0x1234abcd(send_data_len=0, receive_data_len=0)",696,#,attested,oss:ch32fun/minichlink/pgm-b003fun.c(L696)
halt_wait_blob,code,4,10,in,stub 本体(halt_wait_blob),815,#,attested,oss:ch32fun/minichlink/pgm-b003fun.c(L815)
halt_wait_blob,commit,pad_size-4,4,in,"magic 0x1234abcd(send_data_len=0, receive_data_len=0)",816,#,attested,oss:ch32fun/minichlink/pgm-b003fun.c(L816)
write64_flash,code,4,48,in,stub 本体(write64_flash),900,#,attested,oss:ch32fun/minichlink/pgm-b003fun.c(L900)
write64_flash,arg,52,4,in,Base address to write. @52,901,#,attested,oss:ch32fun/minichlink/pgm-b003fun.c(L901)
write64_flash,arg,56,4,in,FLASH STATR base address. @ 56,902,#,attested,oss:ch32fun/minichlink/pgm-b003fun.c(L902)
write64_flash,data,60,64,in,@60,903,#,attested,oss:ch32fun/minichlink/pgm-b003fun.c(L903)
write64_flash,commit,pad_size-4,4,in,"magic 0x1234abcd(send_data_len=64, receive_data_len=0)",905,#,attested,oss:ch32fun/minichlink/pgm-b003fun.c(L905)
erase_block_bin,code,4,52,in,stub 本体(erase_block_bin),931,#,attested,oss:ch32fun/minichlink/pgm-b003fun.c(L931)
erase_block_bin,arg,56,4,in,Base address to erase,932,#,attested,oss:ch32fun/minichlink/pgm-b003fun.c(L932)
erase_block_bin,arg,60,4,in,FLASH STATR base address,933,#,attested,oss:ch32fun/minichlink/pgm-b003fun.c(L933)
erase_block_bin,arg,64,4,in,(iss->sector_size | len << 16),934,#,attested,oss:ch32fun/minichlink/pgm-b003fun.c(L934)
erase_block_bin,commit,pad_size-4,4,in,"magic 0x1234abcd(send_data_len=0, receive_data_len=0)",936,#,attested,oss:ch32fun/minichlink/pgm-b003fun.c(L936)
write_block_bin_v20x_v30x,code,4,104,in,stub 本体(write_block_bin_v20x_v30x),1002,#,attested,oss:ch32fun/minichlink/pgm-b003fun.c(L1002)
write_block_bin,code,4,104,in,stub 本体(write_block_bin),1006,#,attested,oss:ch32fun/minichlink/pgm-b003fun.c(L1006)
write_block_bin_v20x_v30x,arg,108,4,in,Base address to write. @76,1008,#,attested,oss:ch32fun/minichlink/pgm-b003fun.c(L1008)
write_block_bin,arg,108,4,in,Base address to write. @76,1008,#,attested,oss:ch32fun/minichlink/pgm-b003fun.c(L1008)
write_block_bin_v20x_v30x,arg,112,4,in,FLASH STATR base address. @ 80,1009,#,attested,oss:ch32fun/minichlink/pgm-b003fun.c(L1009)
write_block_bin,arg,112,4,in,FLASH STATR base address. @ 80,1009,#,attested,oss:ch32fun/minichlink/pgm-b003fun.c(L1009)
write_block_bin_v20x_v30x,arg,116,4,in,(iss->sector_size | current_len<<16),1010,#,attested,oss:ch32fun/minichlink/pgm-b003fun.c(L1010)
write_block_bin,arg,116,4,in,(iss->sector_size | current_len<<16),1010,#,attested,oss:ch32fun/minichlink/pgm-b003fun.c(L1010)
write_block_bin_v20x_v30x,data,120,current_len,in,@84,1011,#,attested,oss:ch32fun/minichlink/pgm-b003fun.c(L1011)
write_block_bin,data,120,current_len,in,@84,1011,#,attested,oss:ch32fun/minichlink/pgm-b003fun.c(L1011)
write_block_bin_v20x_v30x,commit,pad_size-4,4,in,"magic 0x1234abcd(send_data_len=current_len, receive_data_len=0)",1013,#,attested,oss:ch32fun/minichlink/pgm-b003fun.c(L1013)
write_block_bin,commit,pad_size-4,4,in,"magic 0x1234abcd(send_data_len=current_len, receive_data_len=0)",1013,#,attested,oss:ch32fun/minichlink/pgm-b003fun.c(L1013)
ch5xx_flash_write_block_bin,code,4,388,in,stub 本体(ch5xx_flash_write_block_bin),1026,#,attested,oss:ch32fun/minichlink/pgm-b003fun.c(L1026)
ch5xx_flash_write_block_bin,arg,392,4,in,R32_FLASH_DATA,1027,#,attested,oss:ch32fun/minichlink/pgm-b003fun.c(L1027)
ch5xx_flash_write_block_bin,arg,396,4,in,Base address to write,1028,#,attested,oss:ch32fun/minichlink/pgm-b003fun.c(L1028)
ch5xx_flash_write_block_bin,commit,pad_size-4,4,in,"magic 0x1234abcd(send_data_len=0, receive_data_len=0)",1029,#,attested,oss:ch32fun/minichlink/pgm-b003fun.c(L1029)
ch5xx_write_safe_bin,code,4,64,in,stub 本体(ch5xx_write_safe_bin),1391,#,attested,oss:ch32fun/minichlink/pgm-b003fun.c(L1391)
ch5xx_write_safe_bin,arg,68,4,in,value,1392,#,attested,oss:ch32fun/minichlink/pgm-b003fun.c(L1392)
ch5xx_write_safe_bin,arg,72,4,in,addr,1393,#,attested,oss:ch32fun/minichlink/pgm-b003fun.c(L1393)
ch5xx_write_safe_bin,arg,76,4,in,"-1 - byte, 0 - 2 bytes, 1 - 4 bytes",1394,#,attested,oss:ch32fun/minichlink/pgm-b003fun.c(L1394)
ch5xx_write_safe_bin,commit,pad_size-4,4,in,"magic 0x1234abcd(send_data_len=0, receive_data_len=0)",1395,#,attested,oss:ch32fun/minichlink/pgm-b003fun.c(L1395)
ch5xx_flash_begin_bin,code,4,40,in,stub 本体(ch5xx_flash_begin_bin),1402,#,attested,oss:ch32fun/minichlink/pgm-b003fun.c(L1402)
ch5xx_flash_begin_bin,arg,44,4,in,cmd,1403,#,attested,oss:ch32fun/minichlink/pgm-b003fun.c(L1403)
ch5xx_flash_begin_bin,commit,pad_size-4,4,in,"magic 0x1234abcd(send_data_len=0, receive_data_len=0)",1404,#,attested,oss:ch32fun/minichlink/pgm-b003fun.c(L1404)
ch5xx_flash_out_bin,code,4,32,in,stub 本体(ch5xx_flash_out_bin),1412,#,attested,oss:ch32fun/minichlink/pgm-b003fun.c(L1412)
ch5xx_flash_out_bin,arg,36,4,in,addr,1413,#,attested,oss:ch32fun/minichlink/pgm-b003fun.c(L1413)
ch5xx_flash_out_bin,commit,pad_size-4,4,in,"magic 0x1234abcd(send_data_len=0, receive_data_len=0)",1414,#,attested,oss:ch32fun/minichlink/pgm-b003fun.c(L1414)
ch5xx_flash_end_bin,code,4,26,in,stub 本体(ch5xx_flash_end_bin),1421,#,attested,oss:ch32fun/minichlink/pgm-b003fun.c(L1421)
ch5xx_flash_end_bin,commit,pad_size-4,4,in,"magic 0x1234abcd(send_data_len=0, receive_data_len=0)",1422,#,attested,oss:ch32fun/minichlink/pgm-b003fun.c(L1422)
ch5xx_flash_open_bin,code,4,66,in,stub 本体(ch5xx_flash_open_bin),1436,#,attested,oss:ch32fun/minichlink/pgm-b003fun.c(L1436)
ch5xx_flash_open_bin,commit,pad_size-4,4,in,"magic 0x1234abcd(send_data_len=0, receive_data_len=0)",1437,#,attested,oss:ch32fun/minichlink/pgm-b003fun.c(L1437)
ch5xx_flash_addr_bin,code,4,96,in,stub 本体(ch5xx_flash_addr_bin),1445,#,attested,oss:ch32fun/minichlink/pgm-b003fun.c(L1445)
ch5xx_flash_addr_bin,arg,100,4,in,cmd,1446,#,attested,oss:ch32fun/minichlink/pgm-b003fun.c(L1446)
ch5xx_flash_addr_bin,arg,104,4,in,addr,1447,#,attested,oss:ch32fun/minichlink/pgm-b003fun.c(L1447)
ch5xx_flash_addr_bin,commit,pad_size-4,4,in,"magic 0x1234abcd(send_data_len=0, receive_data_len=0)",1449,#,attested,oss:ch32fun/minichlink/pgm-b003fun.c(L1449)
ch5xx_flash_wait_bin,code,4,104,in,stub 本体(ch5xx_flash_wait_bin),1458,#,attested,oss:ch32fun/minichlink/pgm-b003fun.c(L1458)
ch5xx_flash_wait_bin,arg,108,4,in,timer,1459,#,attested,oss:ch32fun/minichlink/pgm-b003fun.c(L1459)
ch5xx_flash_wait_bin,commit,pad_size-4,4,in,"magic 0x1234abcd(send_data_len=0, receive_data_len=0)",1460,#,attested,oss:ch32fun/minichlink/pgm-b003fun.c(L1460)
ch5xx_flash_erase_bin,code,4,316,in,stub 本体(ch5xx_flash_erase_bin),1488,#,attested,oss:ch32fun/minichlink/pgm-b003fun.c(L1488)
ch5xx_flash_erase_bin,arg,320,4,in,len,1489,#,attested,oss:ch32fun/minichlink/pgm-b003fun.c(L1489)
ch5xx_flash_erase_bin,arg,324,4,in,addr,1490,#,attested,oss:ch32fun/minichlink/pgm-b003fun.c(L1490)
ch5xx_flash_erase_bin,commit,pad_size-4,4,in,"magic 0x1234abcd(send_data_len=0, receive_data_len=0)",1492,#,attested,oss:ch32fun/minichlink/pgm-b003fun.c(L1492)
wlink_flash_op,entry,0,,in,エントリは blob 先頭(offset 0)。probe firmware が呼ぶ,,#,verified,oss:ch32-rs/wlink/src/flash_op.rs (via ch32rv/crates/flash/src/stub.rs) + disasm:stub_disasm/wlink-*.asm
wlink_flash_op,prologue,0,,in,"`addi x2,x2,-32`(V003 版は -28 + x8/x9 退避)。**SP が有効であることが前提**",,#,verified,oss:ch32-rs/wlink/src/flash_op.rs (via ch32rv/crates/flash/src/stub.rs) + disasm:stub_disasm/wlink-*.asm
wlink_flash_op,arg-a0.bit0,a0 bit0,4,in,"**flash unlock**。立つと KEYR(0x40022004)へ 0x45670123,0xCDEF89AB、MODEKEYR(0x40022024)へ同じ 2 語",,#,verified,oss:ch32-rs/wlink/src/flash_op.rs (via ch32rv/crates/flash/src/stub.rs) + disasm:stub_disasm/wlink-*.asm
wlink_flash_op,arg-a0.bit1,a0 bit1,4,in,CTLR(0x40022010)を read-modify-write(`|= 0x4`)。消去系と見られる,,#,attested,oss:ch32-rs/wlink/src/flash_op.rs (via ch32rv/crates/flash/src/stub.rs) + disasm:stub_disasm/wlink-*.asm
wlink_flash_op,arg-a0.bit2,a0 bit2,4,in,分岐あり。意味未確定,,#,single-source,oss:ch32-rs/wlink/src/flash_op.rs (via ch32rv/crates/flash/src/stub.rs) + disasm:stub_disasm/wlink-*.asm
wlink_flash_op,arg-a0.bit3,a0 bit3,4,in,分岐あり。意味未確定,,#,single-source,oss:ch32-rs/wlink/src/flash_op.rs (via ch32rv/crates/flash/src/stub.rs) + disasm:stub_disasm/wlink-*.asm
wlink_flash_op,ret-a0,a0,4,out,"終盤で `andi a0,a0,16` → 0 か 16 を返す。**成否フラグと見られる**",,#,attested,oss:ch32-rs/wlink/src/flash_op.rs (via ch32rv/crates/flash/src/stub.rs) + disasm:stub_disasm/wlink-*.asm
wlink_flash_op,buffer,0x20001000 / 0x20002000 付近,,in/out,stub が触る RAM。probe が data EP から流したデータの置き場と見られる,,#,single-source,oss:ch32-rs/wlink/src/flash_op.rs (via ch32rv/crates/flash/src/stub.rs) + disasm:stub_disasm/wlink-*.asm
