project_id,kind,series,transport,bl_region_bytes,slot_layout,magic,notes,#,confidence,basis
evt-v20x-eth-iap,evt-eth-iap,CH32V20x,ethernet-tcp,40960,BIM 0x08000000+0xA000(40K) / USER 0x0800A000+0xB000(44K) / BACKUP 0x08015000+0xB000(44K) / flag 0x0801FF00,IMAGE_FLAG_UPDATE=0x57434820 ('WCH '),A/B slot。erase 4096 B / page 256 B。合計 128K,#,single-source,evt:CH32V20x/EVT/EXAM/ETH/ETH_IAP/User/IAP_Task.h(L30-52)
evt-v30x-eth-iap,evt-eth-iap,CH32V30x,ethernet-tcp,40960,BIM 0x08000000+0xA000(40K) / USER 0x0800A000+0x1B000(108K) / BACKUP 0x08025000+0x1B000(108K) / flag 0x0803FF00,IMAGE_FLAG_UPDATE=0x57434820,A/B slot。合計 256K。**V20x 版とスロット寸法が違う**,#,single-source,evt:CH32V307/EVT/EXAM/ETH/ETH_IAP/User/IAP_Task.h(L29-39)
evt-v20x-ble-backup-iap,evt-ble-iap,CH32V20x,ble-ota,16384,IAP 0x08000000+16K / IMAGE_A 0x08004000+216K / IMAGE_B 0x0803A000+216K / OTA_DATAFLASH 0x08077000,IMAGE_IAP_FLAG=0x03 / IMAGE_A_FLAG=0x01 / IMAGE_B_FLAG=0x02,**合計 448K + dataflash 476K で CH32V203 の最大品種 256K にも収まらない**。ota.h の日付は 2018/12/14,#,single-source,evt:CH32V20x/EVT/EXAM/BLE/BackupUpgrade_IAP/APP/include/ota.h
evt-v20x-ble-onlyapp-iap,evt-ble-iap,CH32V20x,ble-ota,16384,IAP 0x08000000+16K / IMAGE_A 0x08004000+240K / OTA_DATAFLASH 0x08077000,IMAGE_IAP_FLAG=0x02 / IMAGE_A_FLAG=0x01 / IMAGE_OTA_FLAG=0x03,単一 slot 版。16K+240K=256K は最大品種にちょうど収まるが DATAFLASH 0x77000(476K)は範囲外,#,single-source,evt:CH32V20x/EVT/EXAM/BLE/OnlyUpdateApp_IAP/APP/include/ota.h
evt-v20x-ble-backup-ota,evt-ble-ota,CH32V20x,ble-ota,,BackupUpgrade_IAP と同じ slot 定義(APP 側),同上,APP 側。BL ではない,#,single-source,evt:CH32V20x/EVT/EXAM/BLE/BackupUpgrade_OTA/APP/include/ota.h
evt-x035-host-iap,evt-host-iap,CH32X035,usb-host-msc,,target が USB メモリの /APP.BIN を読んで 0x08006000 へ書く,—,PC 不要。13 project(V103/V205x2/V20x/V307x2/V407/X035/X315/L103/M030/H417x2)に同型,#,single-source,evt:CH32X035/EVT/EXAM/USB/USBFS/HOST_IAP/HOST_IAP/User/
evt-v003-bootasuser,evt-bootasuser,CH32V003,(なし。配置手順のみ),1920,BFLASH 0x1ffff000+1920 / FLASH 0x00000000+16K / RAM 2K,—,`.Bcode` section + startup の `.bxx`。自作 BL を BOOT 領域に置く手順の一次資料,#,single-source,evt:CH32V003/EVT/EXAM/FLASH/BootAsUser/Ld/Link.ld
evt-v00x-bootasuser,evt-bootasuser,CH32V00X,(なし),3328,BFLASH 0x1fff0000+3328 / FLASH 0x00000000+**16K** / RAM 4K,—,**FLASH 16K は V003 からの写し**(V006 は 62K),#,single-source,evt:CH32V006/EVT/EXAM/FLASH/BootAsUser/Ld/Link.ld
evt-x035-bootasuser,evt-bootasuser,CH32X035,(なし),3328,BFLASH 0x1fff0000+3328 / FLASH 0x00000000+62K / RAM 20K,—,,#,single-source,evt:CH32X035/EVT/EXAM/FLASH/BootAsUser/Ld/Link.ld
