series,peripheral,signal,pad,selector,value,confidence
CH32L103,I2C1,I2C1_SCL,PB6,afio-i2c1-rm,0,reference
CH32L103,I2C1,I2C1_SCL,PA13,afio-i2c1-rm,2,reference
CH32L103,I2C1,I2C1_SCL,PB9,afio-i2c1-rm,3,reference
CH32L103,I2C1,I2C1_SDA,PB7,afio-i2c1-rm,0,reference
CH32L103,I2C1,I2C1_SDA,PA12,afio-i2c1-rm,2,reference
CH32L103,I2C1,I2C1_SDA,PB11,afio-i2c1-rm,3,reference
CH32L103,I2C1,I2C1_SMBA,PB5,afio-i2c1-rm,0,reference
CH32L103,I2C1,I2C1_SMBA,PB5,afio-i2c1-rm,2,reference
CH32L103,I2C1,I2C1_SMBA,PB5,afio-i2c1-rm,3,reference
CH32L103,SPI1,SPI1_MISO,PA6,afio-spi1-rm,0,reference
CH32L103,SPI1,SPI1_MISO,PB4,afio-spi1-rm,1,reference
CH32L103,SPI1,SPI1_MISO,PB8,afio-spi1-rm,2,reference
CH32L103,SPI1,SPI1_MISO,PB8,afio-spi1-rm,3,reference
CH32L103,SPI1,SPI1_MOSI,PA7,afio-spi1-rm,0,reference
CH32L103,SPI1,SPI1_MOSI,PB5,afio-spi1-rm,1,reference
CH32L103,SPI1,SPI1_MOSI,PB7,afio-spi1-rm,2,reference
CH32L103,SPI1,SPI1_MOSI,PB7,afio-spi1-rm,3,reference
CH32L103,SPI1,SPI1_NSS,PA4,afio-spi1-rm,0,reference
CH32L103,SPI1,SPI1_NSS,PA15,afio-spi1-rm,1,reference
CH32L103,SPI1,SPI1_NSS,PA12,afio-spi1-rm,2,reference
CH32L103,SPI1,SPI1_NSS,PB12,afio-spi1-rm,3,reference
CH32L103,SPI1,SPI1_SCK,PA5,afio-spi1-rm,0,reference
CH32L103,SPI1,SPI1_SCK,PB3,afio-spi1-rm,1,reference
CH32L103,SPI1,SPI1_SCK,PB6,afio-spi1-rm,2,reference
CH32L103,SPI1,SPI1_SCK,PB6,afio-spi1-rm,3,reference
CH32L103,USART1,USART1_CK,PA8,afio-usart1-rm,0,reference
CH32L103,USART1,USART1_CK,PA8,afio-usart1-rm,1,reference
CH32L103,USART1,USART1_CK,PA3,afio-usart1-rm,2,reference
CH32L103,USART1,USART1_CK,PA6,afio-usart1-rm,3,reference
CH32L103,USART1,USART1_CK,PA6,afio-usart1-rm,4,reference
CH32L103,USART1,USART1_CK,PB6,afio-usart1-rm,5,reference
CH32L103,USART1,USART1_CTS,PA11,afio-usart1-rm,0,reference
CH32L103,USART1,USART1_CTS,PA11,afio-usart1-rm,1,reference
CH32L103,USART1,USART1_CTS,PA2,afio-usart1-rm,2,reference
CH32L103,USART1,USART1_CTS,PB7,afio-usart1-rm,3,reference
CH32L103,USART1,USART1_CTS,PA14,afio-usart1-rm,4,reference
CH32L103,USART1,USART1_CTS,PB7,afio-usart1-rm,5,reference
CH32L103,USART1,USART1_RTS,PA12,afio-usart1-rm,0,reference
CH32L103,USART1,USART1_RTS,PA12,afio-usart1-rm,1,reference
CH32L103,USART1,USART1_RTS,PA13,afio-usart1-rm,2,reference
CH32L103,USART1,USART1_RTS,PB8,afio-usart1-rm,3,reference
CH32L103,USART1,USART1_RTS,PA13,afio-usart1-rm,4,reference
CH32L103,USART1,USART1_RTS,PB8,afio-usart1-rm,5,reference
CH32L103,USART1,USART1_RX,PA10,afio-usart1-rm,0,reference
CH32L103,USART1,USART1_RX,PB7,afio-usart1-rm,1,reference
CH32L103,USART1,USART1_RX,PA5,afio-usart1-rm,2,reference
CH32L103,USART1,USART1_RX,PA4,afio-usart1-rm,3,reference
CH32L103,USART1,USART1_RX,PB9,afio-usart1-rm,4,reference
CH32L103,USART1,USART1_RX,PA12,afio-usart1-rm,5,reference
CH32L103,USART1,USART1_TX,PA9,afio-usart1-rm,0,reference
CH32L103,USART1,USART1_TX,PB6,afio-usart1-rm,1,reference
CH32L103,USART1,USART1_TX,PA4,afio-usart1-rm,2,reference
CH32L103,USART1,USART1_TX,PA5,afio-usart1-rm,3,reference
CH32L103,USART1,USART1_TX,PB11,afio-usart1-rm,4,reference
CH32L103,USART1,USART1_TX,PB12,afio-usart1-rm,5,reference
CH32L103,USART2,USART2_CK,PA4,afio-usart2-rm,0,reference
CH32L103,USART2,USART2_CK,PA4,afio-usart2-rm,2,reference
CH32L103,USART2,USART2_CK,PA4,afio-usart2-rm,3,reference
CH32L103,USART2,USART2_CTS,PA0-WKUP,afio-usart2-rm,0,reference
CH32L103,USART2,USART2_CTS,PA0-WKUP,afio-usart2-rm,2,reference
CH32L103,USART2,USART2_CTS,PA0-WKUP,afio-usart2-rm,3,reference
CH32L103,USART2,USART2_RTS,PA1,afio-usart2-rm,0,reference
CH32L103,USART2,USART2_RTS,PA1,afio-usart2-rm,2,reference
CH32L103,USART2,USART2_RTS,PA1,afio-usart2-rm,3,reference
CH32L103,USART2,USART2_RX,PA3,afio-usart2-rm,0,reference
CH32L103,USART2,USART2_RX,PA12,afio-usart2-rm,2,reference
CH32L103,USART2,USART2_RX,PA11,afio-usart2-rm,3,reference
CH32L103,USART2,USART2_TX,PA2,afio-usart2-rm,0,reference
CH32L103,USART2,USART2_TX,PA11,afio-usart2-rm,2,reference
CH32L103,USART2,USART2_TX,PA12,afio-usart2-rm,3,reference
CH32L103,USART3,USART3_CK,PB12,afio-usart3-rm,0,reference
CH32L103,USART3,USART3_CK,PB12,afio-usart3-rm,2,reference
CH32L103,USART3,USART3_CK,PB12,afio-usart3-rm,3,reference
CH32L103,USART3,USART3_CTS,PB13,afio-usart3-rm,0,reference
CH32L103,USART3,USART3_CTS,PB13,afio-usart3-rm,2,reference
CH32L103,USART3,USART3_CTS,PB13,afio-usart3-rm,3,reference
CH32L103,USART3,USART3_RTS,PB14,afio-usart3-rm,0,reference
CH32L103,USART3,USART3_RTS,PB14,afio-usart3-rm,2,reference
CH32L103,USART3,USART3_RTS,PB14,afio-usart3-rm,3,reference
CH32L103,USART3,USART3_RX,PB11,afio-usart3-rm,0,reference
CH32L103,USART3,USART3_RX,OSC_IN,afio-usart3-rm,2,reference
CH32L103,USART3,USART3_RX,OSC_OUT,afio-usart3-rm,3,reference
CH32L103,USART3,USART3_TX,PB10,afio-usart3-rm,0,reference
CH32L103,USART3,USART3_TX,OSC_OUT,afio-usart3-rm,2,reference
CH32L103,USART3,USART3_TX,OSC_IN,afio-usart3-rm,3,reference
CH32L103,USART4,USART4_CK,PB2,afio-usart4-rm,0,reference
CH32L103,USART4,USART4_CK,PA6,afio-usart4-rm,1,reference
CH32L103,USART4,USART4_CTS,PB3,afio-usart4-rm,0,reference
CH32L103,USART4,USART4_CTS,PA7,afio-usart4-rm,1,reference
CH32L103,USART4,USART4_RTS,PB4,afio-usart4-rm,0,reference
CH32L103,USART4,USART4_RTS,PA15,afio-usart4-rm,1,reference
CH32L103,USART4,USART4_RX,PB1,afio-usart4-rm,0,reference
CH32L103,USART4,USART4_RX,PB5,afio-usart4-rm,1,reference
CH32L103,USART4,USART4_TX,PB0,afio-usart4-rm,0,reference
CH32L103,USART4,USART4_TX,PA5,afio-usart4-rm,1,reference
CH32M007,I2C,I2C_SCL,PC2,afio-i2c1-remap,0,reference
CH32M007,I2C,I2C_SCL,PD1,afio-i2c1-remap,1,reference
CH32M007,I2C,I2C_SCL,PC5,afio-i2c1-remap,2,reference
CH32M007,I2C,I2C_SCL,PB3,afio-i2c1-remap,4,reference
CH32M007,I2C,I2C_SDA,PC1,afio-i2c1-remap,0,reference
CH32M007,I2C,I2C_SDA,PC4,afio-i2c1-remap,2,reference
CH32M007,I2C,I2C_SDA,PD1,afio-i2c1-remap,4,reference
CH32M007,SPI,SPI_MISO,PC7,afio-spi1-remap,0,reference
CH32M007,SPI,SPI_MISO,PC7,afio-spi1-remap,1,reference
CH32M007,SPI,SPI_MISO,PB3,afio-spi1-remap,2,reference
CH32M007,SPI,SPI_MISO,PD5,afio-spi1-remap,4,reference
CH32M007,SPI,SPI_MISO,PC7,afio-spi1-remap,6,reference
CH32M007,SPI,SPI_MOSI,PD3,afio-spi1-remap,2,reference
CH32M007,SPI,SPI_MOSI,PC0,afio-spi1-remap,3,reference
CH32M007,SPI,SPI_MOSI,PD6,afio-spi1-remap,4,reference
CH32M007,SPI,SPI_NSS,PC1,afio-spi1-remap,0,reference
CH32M007,SPI,SPI_NSS,PC0,afio-spi1-remap,1,reference
CH32M007,SPI,SPI_NSS,PC4,afio-spi1-remap,2,reference
CH32M007,SPI,SPI_NSS,PD3,afio-spi1-remap,4,reference
CH32M007,SPI,SPI_NSS,PC1,afio-spi1-remap,5,reference
CH32M007,SPI,SPI_NSS,PC4,afio-spi1-remap,6,reference
CH32M007,SPI,SPI_SCK,PC5,afio-spi1-remap,0,reference
CH32M007,SPI,SPI_SCK,PC5,afio-spi1-remap,1,reference
CH32M007,SPI,SPI_SCK,PD2,afio-spi1-remap,2,reference
CH32M007,SPI,SPI_SCK,PD4,afio-spi1-remap,4,reference
CH32M007,SPI,SPI_SCK,PA1,afio-spi1-remap,5,reference
CH32M007,USART1,USART1_CTS,PD3,afio-usart1-remap,0,reference
CH32M007,USART1,USART1_CTS,PD7,afio-usart1-remap,4,reference
CH32M007,USART1,USART1_CTS,PD7,afio-usart1-remap,5,reference
CH32M007,USART1,USART1_CTS,PC7,afio-usart1-remap,6,reference
CH32M007,USART1,USART1_CTS,PC7,afio-usart1-remap,7,reference
CH32M007,USART1,USART1_CTS,PD2,afio-usart1-remap,8,reference
CH32M007,USART1,USART1_CTS,PD5,afio-usart1-remap,9,reference
CH32M007,USART1,USART1_RTS,PC2,afio-usart1-remap,0,reference
CH32M007,USART1,USART1_RTS,PC7,afio-usart1-remap,1,reference
CH32M007,USART1,USART1_RTS,PC2,afio-usart1-remap,2,reference
CH32M007,USART1,USART1_RTS,PC7,afio-usart1-remap,3,reference
CH32M007,USART1,USART1_RTS,PA5,afio-usart1-remap,4,reference
CH32M007,USART1,USART1_RTS,PA5,afio-usart1-remap,5,reference
CH32M007,USART1,USART1_RTS,PD3,afio-usart1-remap,8,reference
CH32M007,USART1,USART1_RTS,PD4,afio-usart1-remap,9,reference
CH32M007,USART1,USART1_RX,PD6,afio-usart1-remap,0,reference
CH32M007,USART1,USART1_RX,PD5,afio-usart1-remap,1,reference
CH32M007,USART1,USART1_RX,PD1,afio-usart1-remap,2,reference
CH32M007,USART1,USART1_RX,PC1,afio-usart1-remap,3,reference
CH32M007,USART1,USART1_RX,PB3,afio-usart1-remap,4,reference
CH32M007,USART1,USART1_RX,PD1,afio-usart1-remap,5,reference
CH32M007,USART1,USART1_RX,PA1,afio-usart1-remap,8,reference
CH32M007,USART1,USART1_RX,PC4,afio-usart1-remap,9,reference
CH32M007,USART1,USART1_TX,PD5,afio-usart1-remap,0,reference
CH32M007,USART1,USART1_TX,PD6,afio-usart1-remap,1,reference
CH32M007,USART1,USART1_TX,PC0,afio-usart1-remap,3,reference
CH32M007,USART1,USART1_TX,PD1,afio-usart1-remap,4,reference
CH32M007,USART1,USART1_TX,PB3,afio-usart1-remap,5,reference
CH32M007,USART1,USART1_TX,PC5,afio-usart1-remap,6,reference
CH32M007,USART2,USART2_CTS,PA4,afio-usart2-remap,0,reference
CH32M007,USART2,USART2_CTS,PA4,afio-usart2-remap,5,reference
CH32M007,USART2,USART2_RTS,PA5,afio-usart2-remap,0,reference
CH32M007,USART2,USART2_RTS,PB3,afio-usart2-remap,1,reference
CH32M007,USART2,USART2_RTS,PA1,afio-usart2-remap,2,reference
CH32M007,USART2,USART2_RTS,PA1,afio-usart2-remap,3,reference
CH32M007,USART2,USART2_RTS,PA1,afio-usart2-remap,4,reference
CH32M007,USART2,USART2_RTS,PA1,afio-usart2-remap,5,reference
CH32M007,USART2,USART2_RTS,PB3,afio-usart2-remap,6,reference
CH32M007,USART2,USART2_RX,PB3,afio-usart2-remap,0,reference
CH32M007,USART2,USART2_RX,PA5,afio-usart2-remap,1,reference
CH32M007,USART2,USART2_RX,PD3,afio-usart2-remap,3,reference
CH32M007,USART2,USART2_RX,PD1,afio-usart2-remap,5,reference
CH32M007,USART2,USART2_RX,PA5,afio-usart2-remap,6,reference
CH32M007,USART2,USART2_TX,PA4,afio-usart2-remap,1,reference
CH32M007,USART2,USART2_TX,PD2,afio-usart2-remap,3,reference
CH32M007,USART2,USART2_TX,PC4,afio-usart2-remap,5,reference
CH32M030,I2C,I2C_SCL,PB3,afio-i2c1-remap,0,reference
CH32M030,I2C,I2C_SCL,PA2,afio-i2c1-remap,1,reference
CH32M030,I2C,I2C_SCL,PA15,afio-i2c1-remap,2,reference
CH32M030,I2C,I2C_SCL,PA2,afio-i2c1-remap,3,reference
CH32M030,I2C,I2C_SDA,PB2,afio-i2c1-remap,0,reference
CH32M030,I2C,I2C_SDA,PB6,afio-i2c1-remap,1,reference
CH32M030,I2C,I2C_SDA,PA14,afio-i2c1-remap,2,reference
CH32M030,I2C,I2C_SDA,PA3,afio-i2c1-remap,3,reference
CH32M030,SPI,SPI_MISO,PC4,afio-spi1-remap,0,reference
CH32M030,SPI,SPI_MISO,PA4,afio-spi1-remap,1,reference
CH32M030,SPI,SPI_MISO,PC4,afio-spi1-remap,2,reference
CH32M030,SPI,SPI_MISO,PA4,afio-spi1-remap,3,reference
CH32M030,SPI,SPI_MOSI,PC3,afio-spi1-remap,0,reference
CH32M030,SPI,SPI_MOSI,PB5,afio-spi1-remap,1,reference
CH32M030,SPI,SPI_MOSI,PA11,afio-spi1-remap,2,reference
CH32M030,SPI,SPI_MOSI,PA8,afio-spi1-remap,3,reference
CH32M030,SPI,SPI_NSS,PA0,afio-spi1-remap,0,reference
CH32M030,SPI,SPI_NSS,PA2,afio-spi1-remap,1,reference
CH32M030,SPI,SPI_NSS,PA0,afio-spi1-remap,2,reference
CH32M030,SPI,SPI_NSS,PA2,afio-spi1-remap,3,reference
CH32M030,SPI,SPI_SCK,PA1,afio-spi1-remap,0,reference
CH32M030,SPI,SPI_SCK,PB6,afio-spi1-remap,1,reference
CH32M030,SPI,SPI_SCK,PA1,afio-spi1-remap,2,reference
CH32M030,SPI,SPI_SCK,PA1,afio-spi1-remap,3,reference
CH32M030,UART,UART_CTS,PA14,afio-uart1-remap,0,reference
CH32M030,UART,UART_CTS,PA14,afio-uart1-remap,1,reference
CH32M030,UART,UART_CTS,PA2,afio-uart1-remap,2,reference
CH32M030,UART,UART_CTS,PB2,afio-uart1-remap,3,reference
CH32M030,UART,UART_CTS,PB2,afio-uart1-remap,4,reference
CH32M030,UART,UART_CTS,PB2,afio-uart1-remap,5,reference
CH32M030,UART,UART_RTS,PA15,afio-uart1-remap,0,reference
CH32M030,UART,UART_RTS,PA15,afio-uart1-remap,1,reference
CH32M030,UART,UART_RTS,PA4,afio-uart1-remap,2,reference
CH32M030,UART,UART_RTS,PB3,afio-uart1-remap,3,reference
CH32M030,UART,UART_RTS,PB3,afio-uart1-remap,4,reference
CH32M030,UART,UART_RTS,PB3,afio-uart1-remap,5,reference
CH32M030,UART,UART_RX,PC0,afio-uart1-remap,0,reference
CH32M030,UART,UART_RX,PC2,afio-uart1-remap,1,reference
CH32M030,UART,UART_RX,PB5,afio-uart1-remap,2,reference
CH32M030,UART,UART_RX,PB0,afio-uart1-remap,3,reference
CH32M030,UART,UART_RX,PA2,afio-uart1-remap,4,reference
CH32M030,UART,UART_RX,PA3,afio-uart1-remap,5,reference
CH32M030,UART,UART_TX,PC1,afio-uart1-remap,0,reference
CH32M030,UART,UART_TX,PC1,afio-uart1-remap,1,reference
CH32M030,UART,UART_TX,PB6,afio-uart1-remap,2,reference
CH32M030,UART,UART_TX,PB1,afio-uart1-remap,3,reference
CH32M030,UART,UART_TX,PA3,afio-uart1-remap,4,reference
CH32M030,UART,UART_TX,PA2,afio-uart1-remap,5,reference
CH32M103,I2C1,I2C1_SCL,PB6,afio-i2c1-rm,0,reference
CH32M103,I2C1,I2C1_SCL,PA13,afio-i2c1-rm,2,reference
CH32M103,I2C1,I2C1_SDA,PB7,afio-i2c1-rm,0,reference
CH32M103,I2C1,I2C1_SDA,PA12,afio-i2c1-rm,2,reference
CH32M103,I2C1,I2C1_SDA,PB11,afio-i2c1-rm,3,reference
CH32M103,I2C1,I2C1_SMBA,PB5,afio-i2c1-rm,0,reference
CH32M103,I2C1,I2C1_SMBA,PB5,afio-i2c1-rm,2,reference
CH32M103,I2C1,I2C1_SMBA,PB5,afio-i2c1-rm,3,reference
CH32M103,SPI1,SPI1_MISO,PA6,afio-spi1-rm,0,reference
CH32M103,SPI1,SPI1_MISO,PB8,afio-spi1-rm,2,reference
CH32M103,SPI1,SPI1_MISO,PB8,afio-spi1-rm,3,reference
CH32M103,SPI1,SPI1_MOSI,PA7,afio-spi1-rm,0,reference
CH32M103,SPI1,SPI1_MOSI,PB5,afio-spi1-rm,1,reference
CH32M103,SPI1,SPI1_MOSI,PB7,afio-spi1-rm,2,reference
CH32M103,SPI1,SPI1_MOSI,PB7,afio-spi1-rm,3,reference
CH32M103,SPI1,SPI1_NSS,PA4,afio-spi1-rm,0,reference
CH32M103,SPI1,SPI1_NSS,PA12,afio-spi1-rm,2,reference
CH32M103,SPI1,SPI1_SCK,PA5,afio-spi1-rm,0,reference
CH32M103,SPI1,SPI1_SCK,PB3,afio-spi1-rm,1,reference
CH32M103,SPI1,SPI1_SCK,PB6,afio-spi1-rm,2,reference
CH32M103,SPI1,SPI1_SCK,PB6,afio-spi1-rm,3,reference
CH32M103,USART1,USART1_CK,PA3,afio-usart1-rm,2,reference
CH32M103,USART1,USART1_CK,PA6,afio-usart1-rm,3,reference
CH32M103,USART1,USART1_CK,PA6,afio-usart1-rm,4,reference
CH32M103,USART1,USART1_CK,PB6,afio-usart1-rm,5,reference
CH32M103,USART1,USART1_CTS,PA11,afio-usart1-rm,0,reference
CH32M103,USART1,USART1_CTS,PA11,afio-usart1-rm,1,reference
CH32M103,USART1,USART1_CTS,PA2,afio-usart1-rm,2,reference
CH32M103,USART1,USART1_CTS,PB7,afio-usart1-rm,3,reference
CH32M103,USART1,USART1_CTS,PA14,afio-usart1-rm,4,reference
CH32M103,USART1,USART1_CTS,PB7,afio-usart1-rm,5,reference
CH32M103,USART1,USART1_RTS,PA12,afio-usart1-rm,0,reference
CH32M103,USART1,USART1_RTS,PA12,afio-usart1-rm,1,reference
CH32M103,USART1,USART1_RTS,PA13,afio-usart1-rm,2,reference
CH32M103,USART1,USART1_RTS,PB8,afio-usart1-rm,3,reference
CH32M103,USART1,USART1_RTS,PA13,afio-usart1-rm,4,reference
CH32M103,USART1,USART1_RTS,PB8,afio-usart1-rm,5,reference
CH32M103,USART1,USART1_RX,PB7,afio-usart1-rm,1,reference
CH32M103,USART1,USART1_RX,PA5,afio-usart1-rm,2,reference
CH32M103,USART1,USART1_RX,PA4,afio-usart1-rm,3,reference
CH32M103,USART1,USART1_RX,PA12,afio-usart1-rm,5,reference
CH32M103,USART1,USART1_TX,PB6,afio-usart1-rm,1,reference
CH32M103,USART1,USART1_TX,PA4,afio-usart1-rm,2,reference
CH32M103,USART1,USART1_TX,PA5,afio-usart1-rm,3,reference
CH32M103,USART1,USART1_TX,PB11,afio-usart1-rm,4,reference
CH32M103,USART2,USART2_CK,PA4,afio-usart2-rm,0,reference
CH32M103,USART2,USART2_CK,PA4,afio-usart2-rm,2,reference
CH32M103,USART2,USART2_CK,PA4,afio-usart2-rm,3,reference
CH32M103,USART2,USART2_CTS,PA0-WKUP,afio-usart2-rm,0,reference
CH32M103,USART2,USART2_CTS,PA0-WKUP,afio-usart2-rm,2,reference
CH32M103,USART2,USART2_CTS,PA0-WKUP,afio-usart2-rm,3,reference
CH32M103,USART2,USART2_RTS,PA1,afio-usart2-rm,0,reference
CH32M103,USART2,USART2_RTS,PA1,afio-usart2-rm,2,reference
CH32M103,USART2,USART2_RTS,PA1,afio-usart2-rm,3,reference
CH32M103,USART2,USART2_RX,PA3,afio-usart2-rm,0,reference
CH32M103,USART2,USART2_RX,PA12,afio-usart2-rm,2,reference
CH32M103,USART2,USART2_RX,PA11,afio-usart2-rm,3,reference
CH32M103,USART2,USART2_TX,PA2,afio-usart2-rm,0,reference
CH32M103,USART2,USART2_TX,PA11,afio-usart2-rm,2,reference
CH32M103,USART2,USART2_TX,PA12,afio-usart2-rm,3,reference
CH32M103,USART3,USART3_RX,PB11,afio-usart3-rm,0,reference
CH32M103,USART3,USART3_TX,PB10,afio-usart3-rm,0,reference
CH32M103,USART4,USART4_CK,PA6,afio-usart4-rm,1,reference
CH32M103,USART4,USART4_CTS,PB3,afio-usart4-rm,0,reference
CH32M103,USART4,USART4_CTS,PA7,afio-usart4-rm,1,reference
CH32M103,USART4,USART4_RX,PB1,afio-usart4-rm,0,reference
CH32M103,USART4,USART4_RX,PB5,afio-usart4-rm,1,reference
CH32M103,USART4,USART4_TX,PB0,afio-usart4-rm,0,reference
CH32M103,USART4,USART4_TX,PA5,afio-usart4-rm,1,reference
CH32V002,I2C,I2C_SCL,PC2,afio-i2c1-remap,0,reference
CH32V002,I2C,I2C_SCL,PD1,afio-i2c1-remap,1,reference
CH32V002,I2C,I2C_SCL,PC5,afio-i2c1-remap,2,reference
CH32V002,I2C,I2C_SDA,PC1,afio-i2c1-remap,0,reference
CH32V002,I2C,I2C_SDA,PD0,afio-i2c1-remap,1,reference
CH32V002,I2C,I2C_SDA,PC6,afio-i2c1-remap,2,reference
CH32V002,I2C,I2C_SDA,PD1,afio-i2c1-remap,4,reference
CH32V002,SPI,SPI_MISO,PC7,afio-spi1-remap,0,reference
CH32V002,SPI,SPI_MISO,PC7,afio-spi1-remap,1,reference
CH32V002,SPI,SPI_MISO,PD5,afio-spi1-remap,4,reference
CH32V002,SPI,SPI_MISO,PC7,afio-spi1-remap,6,reference
CH32V002,SPI,SPI_MOSI,PC6,afio-spi1-remap,0,reference
CH32V002,SPI,SPI_MOSI,PC6,afio-spi1-remap,1,reference
CH32V002,SPI,SPI_MOSI,PD3,afio-spi1-remap,2,reference
CH32V002,SPI,SPI_MOSI,PC0,afio-spi1-remap,3,reference
CH32V002,SPI,SPI_MOSI,PD6,afio-spi1-remap,4,reference
CH32V002,SPI,SPI_MOSI,PA2,afio-spi1-remap,5,reference
CH32V002,SPI,SPI_NSS,PC1,afio-spi1-remap,0,reference
CH32V002,SPI,SPI_NSS,PC0,afio-spi1-remap,1,reference
CH32V002,SPI,SPI_NSS,PC4,afio-spi1-remap,2,reference
CH32V002,SPI,SPI_NSS,PD3,afio-spi1-remap,4,reference
CH32V002,SPI,SPI_NSS,PC1,afio-spi1-remap,5,reference
CH32V002,SPI,SPI_NSS,PC4,afio-spi1-remap,6,reference
CH32V002,SPI,SPI_SCK,PC5,afio-spi1-remap,0,reference
CH32V002,SPI,SPI_SCK,PC5,afio-spi1-remap,1,reference
CH32V002,SPI,SPI_SCK,PD2,afio-spi1-remap,2,reference
CH32V002,SPI,SPI_SCK,PD4,afio-spi1-remap,4,reference
CH32V002,SPI,SPI_SCK,PA1,afio-spi1-remap,5,reference
CH32V002,USART1,USART1_CTS,PD3,afio-usart1-remap,0,reference
CH32V002,USART1,USART1_CTS,PC6,afio-usart1-remap,1,reference
CH32V002,USART1,USART1_CTS,PC3,afio-usart1-remap,2,reference
CH32V002,USART1,USART1_CTS,PC6,afio-usart1-remap,3,reference
CH32V002,USART1,USART1_CTS,PD7,afio-usart1-remap,4,reference
CH32V002,USART1,USART1_CTS,PD7,afio-usart1-remap,5,reference
CH32V002,USART1,USART1_CTS,PC7,afio-usart1-remap,6,reference
CH32V002,USART1,USART1_CTS,PC7,afio-usart1-remap,7,reference
CH32V002,USART1,USART1_CTS,PD2,afio-usart1-remap,8,reference
CH32V002,USART1,USART1_CTS,PD5,afio-usart1-remap,9,reference
CH32V002,USART1,USART1_RTS,PC2,afio-usart1-remap,0,reference
CH32V002,USART1,USART1_RTS,PC7,afio-usart1-remap,1,reference
CH32V002,USART1,USART1_RTS,PC2,afio-usart1-remap,2,reference
CH32V002,USART1,USART1_RTS,PC7,afio-usart1-remap,3,reference
CH32V002,USART1,USART1_RTS,PD3,afio-usart1-remap,8,reference
CH32V002,USART1,USART1_RTS,PD4,afio-usart1-remap,9,reference
CH32V002,USART1,USART1_RX,PD6,afio-usart1-remap,0,reference
CH32V002,USART1,USART1_RX,PD5,afio-usart1-remap,1,reference
CH32V002,USART1,USART1_RX,PD1,afio-usart1-remap,2,reference
CH32V002,USART1,USART1_RX,PC1,afio-usart1-remap,3,reference
CH32V002,USART1,USART1_RX,PD1,afio-usart1-remap,5,reference
CH32V002,USART1,USART1_RX,PC6,afio-usart1-remap,6,reference
CH32V002,USART1,USART1_RX,PA1,afio-usart1-remap,8,reference
CH32V002,USART1,USART1_RX,PC4,afio-usart1-remap,9,reference
CH32V002,USART1,USART1_TX,PD5,afio-usart1-remap,0,reference
CH32V002,USART1,USART1_TX,PD6,afio-usart1-remap,1,reference
CH32V002,USART1,USART1_TX,PD0,afio-usart1-remap,2,reference
CH32V002,USART1,USART1_TX,PC0,afio-usart1-remap,3,reference
CH32V002,USART1,USART1_TX,PD1,afio-usart1-remap,4,reference
CH32V002,USART1,USART1_TX,PC5,afio-usart1-remap,6,reference
CH32V004,I2C,I2C_SCL,PC2,afio-i2c1-remap,0,reference
CH32V004,I2C,I2C_SCL,PD1,afio-i2c1-remap,1,reference
CH32V004,I2C,I2C_SCL,PC5,afio-i2c1-remap,2,reference
CH32V004,I2C,I2C_SDA,PC1,afio-i2c1-remap,0,reference
CH32V004,I2C,I2C_SDA,PD0,afio-i2c1-remap,1,reference
CH32V004,I2C,I2C_SDA,PC6,afio-i2c1-remap,2,reference
CH32V004,I2C,I2C_SDA,PD1,afio-i2c1-remap,4,reference
CH32V004,SPI,SPI_MISO,PC7,afio-spi1-remap,0,reference
CH32V004,SPI,SPI_MISO,PC7,afio-spi1-remap,1,reference
CH32V004,SPI,SPI_MISO,PD5,afio-spi1-remap,4,reference
CH32V004,SPI,SPI_MISO,PC7,afio-spi1-remap,6,reference
CH32V004,SPI,SPI_MOSI,PC6,afio-spi1-remap,0,reference
CH32V004,SPI,SPI_MOSI,PC6,afio-spi1-remap,1,reference
CH32V004,SPI,SPI_MOSI,PD3,afio-spi1-remap,2,reference
CH32V004,SPI,SPI_MOSI,PC0,afio-spi1-remap,3,reference
CH32V004,SPI,SPI_MOSI,PD6,afio-spi1-remap,4,reference
CH32V004,SPI,SPI_MOSI,PA2,afio-spi1-remap,5,reference
CH32V004,SPI,SPI_NSS,PC1,afio-spi1-remap,0,reference
CH32V004,SPI,SPI_NSS,PC0,afio-spi1-remap,1,reference
CH32V004,SPI,SPI_NSS,PC4,afio-spi1-remap,2,reference
CH32V004,SPI,SPI_NSS,PD3,afio-spi1-remap,4,reference
CH32V004,SPI,SPI_NSS,PC1,afio-spi1-remap,5,reference
CH32V004,SPI,SPI_NSS,PC4,afio-spi1-remap,6,reference
CH32V004,SPI,SPI_SCK,PC5,afio-spi1-remap,0,reference
CH32V004,SPI,SPI_SCK,PC5,afio-spi1-remap,1,reference
CH32V004,SPI,SPI_SCK,PD2,afio-spi1-remap,2,reference
CH32V004,SPI,SPI_SCK,PD4,afio-spi1-remap,4,reference
CH32V004,SPI,SPI_SCK,PA1,afio-spi1-remap,5,reference
CH32V004,USART1,USART1_CTS,PD3,afio-usart1-remap,0,reference
CH32V004,USART1,USART1_CTS,PC6,afio-usart1-remap,1,reference
CH32V004,USART1,USART1_CTS,PC3,afio-usart1-remap,2,reference
CH32V004,USART1,USART1_CTS,PC6,afio-usart1-remap,3,reference
CH32V004,USART1,USART1_CTS,PD7,afio-usart1-remap,4,reference
CH32V004,USART1,USART1_CTS,PD7,afio-usart1-remap,5,reference
CH32V004,USART1,USART1_CTS,PC7,afio-usart1-remap,6,reference
CH32V004,USART1,USART1_CTS,PC7,afio-usart1-remap,7,reference
CH32V004,USART1,USART1_CTS,PD2,afio-usart1-remap,8,reference
CH32V004,USART1,USART1_CTS,PD5,afio-usart1-remap,9,reference
CH32V004,USART1,USART1_RTS,PC2,afio-usart1-remap,0,reference
CH32V004,USART1,USART1_RTS,PC7,afio-usart1-remap,1,reference
CH32V004,USART1,USART1_RTS,PC2,afio-usart1-remap,2,reference
CH32V004,USART1,USART1_RTS,PC7,afio-usart1-remap,3,reference
CH32V004,USART1,USART1_RTS,PD3,afio-usart1-remap,8,reference
CH32V004,USART1,USART1_RTS,PD4,afio-usart1-remap,9,reference
CH32V004,USART1,USART1_RX,PD6,afio-usart1-remap,0,reference
CH32V004,USART1,USART1_RX,PD5,afio-usart1-remap,1,reference
CH32V004,USART1,USART1_RX,PD1,afio-usart1-remap,2,reference
CH32V004,USART1,USART1_RX,PC1,afio-usart1-remap,3,reference
CH32V004,USART1,USART1_RX,PD1,afio-usart1-remap,5,reference
CH32V004,USART1,USART1_RX,PC6,afio-usart1-remap,6,reference
CH32V004,USART1,USART1_RX,PA1,afio-usart1-remap,8,reference
CH32V004,USART1,USART1_RX,PC4,afio-usart1-remap,9,reference
CH32V004,USART1,USART1_TX,PD5,afio-usart1-remap,0,reference
CH32V004,USART1,USART1_TX,PD6,afio-usart1-remap,1,reference
CH32V004,USART1,USART1_TX,PD0,afio-usart1-remap,2,reference
CH32V004,USART1,USART1_TX,PC0,afio-usart1-remap,3,reference
CH32V004,USART1,USART1_TX,PD1,afio-usart1-remap,4,reference
CH32V004,USART1,USART1_TX,PC5,afio-usart1-remap,6,reference
CH32V005,I2C,I2C_SCL,PC2,afio-i2c1-remap,0,reference
CH32V005,I2C,I2C_SCL,PD1,afio-i2c1-remap,1,reference
CH32V005,I2C,I2C_SCL,PC5,afio-i2c1-remap,2,reference
CH32V005,I2C,I2C_SCL,PB3,afio-i2c1-remap,4,reference
CH32V005,I2C,I2C_SDA,PC1,afio-i2c1-remap,0,reference
CH32V005,I2C,I2C_SDA,PD0,afio-i2c1-remap,1,reference
CH32V005,I2C,I2C_SDA,PC6,afio-i2c1-remap,2,reference
CH32V005,I2C,I2C_SDA,PD1,afio-i2c1-remap,4,reference
CH32V005,SPI,SPI_MISO,PC7,afio-spi1-remap,0,reference
CH32V005,SPI,SPI_MISO,PC7,afio-spi1-remap,1,reference
CH32V005,SPI,SPI_MISO,PB3,afio-spi1-remap,2,reference
CH32V005,SPI,SPI_MISO,PD5,afio-spi1-remap,4,reference
CH32V005,SPI,SPI_MISO,PC7,afio-spi1-remap,6,reference
CH32V005,SPI,SPI_MOSI,PC6,afio-spi1-remap,0,reference
CH32V005,SPI,SPI_MOSI,PC6,afio-spi1-remap,1,reference
CH32V005,SPI,SPI_MOSI,PD3,afio-spi1-remap,2,reference
CH32V005,SPI,SPI_MOSI,PC0,afio-spi1-remap,3,reference
CH32V005,SPI,SPI_MOSI,PD6,afio-spi1-remap,4,reference
CH32V005,SPI,SPI_MOSI,PA2,afio-spi1-remap,5,reference
CH32V005,SPI,SPI_NSS,PC1,afio-spi1-remap,0,reference
CH32V005,SPI,SPI_NSS,PC0,afio-spi1-remap,1,reference
CH32V005,SPI,SPI_NSS,PC4,afio-spi1-remap,2,reference
CH32V005,SPI,SPI_NSS,PB0,afio-spi1-remap,3,reference
CH32V005,SPI,SPI_NSS,PD3,afio-spi1-remap,4,reference
CH32V005,SPI,SPI_NSS,PC1,afio-spi1-remap,5,reference
CH32V005,SPI,SPI_NSS,PC4,afio-spi1-remap,6,reference
CH32V005,SPI,SPI_SCK,PC5,afio-spi1-remap,0,reference
CH32V005,SPI,SPI_SCK,PC5,afio-spi1-remap,1,reference
CH32V005,SPI,SPI_SCK,PD2,afio-spi1-remap,2,reference
CH32V005,SPI,SPI_SCK,PB1,afio-spi1-remap,3,reference
CH32V005,SPI,SPI_SCK,PD4,afio-spi1-remap,4,reference
CH32V005,SPI,SPI_SCK,PA1,afio-spi1-remap,5,reference
CH32V005,USART1,USART1_CTS,PD3,afio-usart1-remap,0,reference
CH32V005,USART1,USART1_CTS,PC6,afio-usart1-remap,1,reference
CH32V005,USART1,USART1_CTS,PC3,afio-usart1-remap,2,reference
CH32V005,USART1,USART1_CTS,PC6,afio-usart1-remap,3,reference
CH32V005,USART1,USART1_CTS,PD7,afio-usart1-remap,4,reference
CH32V005,USART1,USART1_CTS,PD7,afio-usart1-remap,5,reference
CH32V005,USART1,USART1_CTS,PC7,afio-usart1-remap,6,reference
CH32V005,USART1,USART1_CTS,PC7,afio-usart1-remap,7,reference
CH32V005,USART1,USART1_CTS,PD2,afio-usart1-remap,8,reference
CH32V005,USART1,USART1_CTS,PD5,afio-usart1-remap,9,reference
CH32V005,USART1,USART1_RTS,PC2,afio-usart1-remap,0,reference
CH32V005,USART1,USART1_RTS,PC7,afio-usart1-remap,1,reference
CH32V005,USART1,USART1_RTS,PC2,afio-usart1-remap,2,reference
CH32V005,USART1,USART1_RTS,PC7,afio-usart1-remap,3,reference
CH32V005,USART1,USART1_RTS,PA5,afio-usart1-remap,4,reference
CH32V005,USART1,USART1_RTS,PA5,afio-usart1-remap,5,reference
CH32V005,USART1,USART1_RTS,PD3,afio-usart1-remap,8,reference
CH32V005,USART1,USART1_RTS,PD4,afio-usart1-remap,9,reference
CH32V005,USART1,USART1_RX,PD6,afio-usart1-remap,0,reference
CH32V005,USART1,USART1_RX,PD5,afio-usart1-remap,1,reference
CH32V005,USART1,USART1_RX,PD1,afio-usart1-remap,2,reference
CH32V005,USART1,USART1_RX,PC1,afio-usart1-remap,3,reference
CH32V005,USART1,USART1_RX,PB3,afio-usart1-remap,4,reference
CH32V005,USART1,USART1_RX,PD1,afio-usart1-remap,5,reference
CH32V005,USART1,USART1_RX,PC6,afio-usart1-remap,6,reference
CH32V005,USART1,USART1_RX,PA1,afio-usart1-remap,8,reference
CH32V005,USART1,USART1_RX,PC4,afio-usart1-remap,9,reference
CH32V005,USART1,USART1_TX,PD5,afio-usart1-remap,0,reference
CH32V005,USART1,USART1_TX,PD6,afio-usart1-remap,1,reference
CH32V005,USART1,USART1_TX,PD0,afio-usart1-remap,2,reference
CH32V005,USART1,USART1_TX,PC0,afio-usart1-remap,3,reference
CH32V005,USART1,USART1_TX,PD1,afio-usart1-remap,4,reference
CH32V005,USART1,USART1_TX,PB3,afio-usart1-remap,5,reference
CH32V005,USART1,USART1_TX,PC5,afio-usart1-remap,6,reference
CH32V005,USART1,USART1_TX,PA0,afio-usart1-remap,8,reference
CH32V005,USART1,USART1_TX,PA0,afio-usart1-remap,9,reference
CH32V005,USART2,USART2_CTS,PA4,afio-usart2-remap,0,reference
CH32V005,USART2,USART2_CTS,PA0,afio-usart2-remap,2,reference
CH32V005,USART2,USART2_CTS,PA0,afio-usart2-remap,3,reference
CH32V005,USART2,USART2_CTS,PA4,afio-usart2-remap,5,reference
CH32V005,USART2,USART2_RTS,PA5,afio-usart2-remap,0,reference
CH32V005,USART2,USART2_RTS,PB3,afio-usart2-remap,1,reference
CH32V005,USART2,USART2_RTS,PA1,afio-usart2-remap,2,reference
CH32V005,USART2,USART2_RTS,PA1,afio-usart2-remap,3,reference
CH32V005,USART2,USART2_RTS,PA1,afio-usart2-remap,4,reference
CH32V005,USART2,USART2_RTS,PA1,afio-usart2-remap,5,reference
CH32V005,USART2,USART2_RTS,PB3,afio-usart2-remap,6,reference
CH32V005,USART2,USART2_RX,PB3,afio-usart2-remap,0,reference
CH32V005,USART2,USART2_RX,PA5,afio-usart2-remap,1,reference
CH32V005,USART2,USART2_RX,PA3,afio-usart2-remap,2,reference
CH32V005,USART2,USART2_RX,PD3,afio-usart2-remap,3,reference
CH32V005,USART2,USART2_RX,PB1,afio-usart2-remap,4,reference
CH32V005,USART2,USART2_RX,PD1,afio-usart2-remap,5,reference
CH32V005,USART2,USART2_RX,PA5,afio-usart2-remap,6,reference
CH32V005,USART2,USART2_TX,PA4,afio-usart2-remap,1,reference
CH32V005,USART2,USART2_TX,PA2,afio-usart2-remap,2,reference
CH32V005,USART2,USART2_TX,PD2,afio-usart2-remap,3,reference
CH32V005,USART2,USART2_TX,PB0,afio-usart2-remap,4,reference
CH32V005,USART2,USART2_TX,PC4,afio-usart2-remap,5,reference
CH32V005,USART2,USART2_TX,PA6,afio-usart2-remap,6,reference
CH32V006,I2C,I2C_SCL,PC2,afio-i2c1-remap,0,reference
CH32V006,I2C,I2C_SCL,PD1,afio-i2c1-remap,1,reference
CH32V006,I2C,I2C_SCL,PC5,afio-i2c1-remap,2,reference
CH32V006,I2C,I2C_SCL,PB5,afio-i2c1-remap,3,reference
CH32V006,I2C,I2C_SCL,PB3,afio-i2c1-remap,4,reference
CH32V006,I2C,I2C_SDA,PC1,afio-i2c1-remap,0,reference
CH32V006,I2C,I2C_SDA,PD0,afio-i2c1-remap,1,reference
CH32V006,I2C,I2C_SDA,PC6,afio-i2c1-remap,2,reference
CH32V006,I2C,I2C_SDA,PB6,afio-i2c1-remap,3,reference
CH32V006,I2C,I2C_SDA,PD1,afio-i2c1-remap,4,reference
CH32V006,SPI,SPI_MISO,PC7,afio-spi1-remap,0,reference
CH32V006,SPI,SPI_MISO,PC7,afio-spi1-remap,1,reference
CH32V006,SPI,SPI_MISO,PB3,afio-spi1-remap,2,reference
CH32V006,SPI,SPI_MISO,PB2,afio-spi1-remap,3,reference
CH32V006,SPI,SPI_MISO,PD5,afio-spi1-remap,4,reference
CH32V006,SPI,SPI_MISO,PB5,afio-spi1-remap,5,reference
CH32V006,SPI,SPI_MISO,PC7,afio-spi1-remap,6,reference
CH32V006,SPI,SPI_MOSI,PC6,afio-spi1-remap,0,reference
CH32V006,SPI,SPI_MOSI,PC6,afio-spi1-remap,1,reference
CH32V006,SPI,SPI_MOSI,PD3,afio-spi1-remap,2,reference
CH32V006,SPI,SPI_MOSI,PC0,afio-spi1-remap,3,reference
CH32V006,SPI,SPI_MOSI,PD6,afio-spi1-remap,4,reference
CH32V006,SPI,SPI_MOSI,PA2,afio-spi1-remap,5,reference
CH32V006,SPI,SPI_MOSI,PB4,afio-spi1-remap,6,reference
CH32V006,SPI,SPI_NSS,PC1,afio-spi1-remap,0,reference
CH32V006,SPI,SPI_NSS,PC0,afio-spi1-remap,1,reference
CH32V006,SPI,SPI_NSS,PC4,afio-spi1-remap,2,reference
CH32V006,SPI,SPI_NSS,PB0,afio-spi1-remap,3,reference
CH32V006,SPI,SPI_NSS,PD3,afio-spi1-remap,4,reference
CH32V006,SPI,SPI_NSS,PC1,afio-spi1-remap,5,reference
CH32V006,SPI,SPI_NSS,PC4,afio-spi1-remap,6,reference
CH32V006,SPI,SPI_SCK,PC5,afio-spi1-remap,0,reference
CH32V006,SPI,SPI_SCK,PC5,afio-spi1-remap,1,reference
CH32V006,SPI,SPI_SCK,PD2,afio-spi1-remap,2,reference
CH32V006,SPI,SPI_SCK,PB1,afio-spi1-remap,3,reference
CH32V006,SPI,SPI_SCK,PD4,afio-spi1-remap,4,reference
CH32V006,SPI,SPI_SCK,PA1,afio-spi1-remap,5,reference
CH32V006,SPI,SPI_SCK,PB5,afio-spi1-remap,6,reference
CH32V006,USART1,USART1_CTS,PD3,afio-usart1-remap,0,reference
CH32V006,USART1,USART1_CTS,PC6,afio-usart1-remap,1,reference
CH32V006,USART1,USART1_CTS,PC3,afio-usart1-remap,2,reference
CH32V006,USART1,USART1_CTS,PC6,afio-usart1-remap,3,reference
CH32V006,USART1,USART1_CTS,PD7,afio-usart1-remap,4,reference
CH32V006,USART1,USART1_CTS,PD7,afio-usart1-remap,5,reference
CH32V006,USART1,USART1_CTS,PC7,afio-usart1-remap,6,reference
CH32V006,USART1,USART1_CTS,PC7,afio-usart1-remap,7,reference
CH32V006,USART1,USART1_CTS,PD2,afio-usart1-remap,8,reference
CH32V006,USART1,USART1_CTS,PD5,afio-usart1-remap,9,reference
CH32V006,USART1,USART1_RTS,PC2,afio-usart1-remap,0,reference
CH32V006,USART1,USART1_RTS,PC7,afio-usart1-remap,1,reference
CH32V006,USART1,USART1_RTS,PC2,afio-usart1-remap,2,reference
CH32V006,USART1,USART1_RTS,PC7,afio-usart1-remap,3,reference
CH32V006,USART1,USART1_RTS,PA5,afio-usart1-remap,4,reference
CH32V006,USART1,USART1_RTS,PA5,afio-usart1-remap,5,reference
CH32V006,USART1,USART1_RTS,PB4,afio-usart1-remap,6,reference
CH32V006,USART1,USART1_RTS,PB4,afio-usart1-remap,7,reference
CH32V006,USART1,USART1_RTS,PD3,afio-usart1-remap,8,reference
CH32V006,USART1,USART1_RTS,PD4,afio-usart1-remap,9,reference
CH32V006,USART1,USART1_RX,PD6,afio-usart1-remap,0,reference
CH32V006,USART1,USART1_RX,PD5,afio-usart1-remap,1,reference
CH32V006,USART1,USART1_RX,PD1,afio-usart1-remap,2,reference
CH32V006,USART1,USART1_RX,PC1,afio-usart1-remap,3,reference
CH32V006,USART1,USART1_RX,PB3,afio-usart1-remap,4,reference
CH32V006,USART1,USART1_RX,PD1,afio-usart1-remap,5,reference
CH32V006,USART1,USART1_RX,PC6,afio-usart1-remap,6,reference
CH32V006,USART1,USART1_RX,PB6,afio-usart1-remap,7,reference
CH32V006,USART1,USART1_RX,PA1,afio-usart1-remap,8,reference
CH32V006,USART1,USART1_RX,PC4,afio-usart1-remap,9,reference
CH32V006,USART1,USART1_TX,PD5,afio-usart1-remap,0,reference
CH32V006,USART1,USART1_TX,PD6,afio-usart1-remap,1,reference
CH32V006,USART1,USART1_TX,PD0,afio-usart1-remap,2,reference
CH32V006,USART1,USART1_TX,PC0,afio-usart1-remap,3,reference
CH32V006,USART1,USART1_TX,PD1,afio-usart1-remap,4,reference
CH32V006,USART1,USART1_TX,PB3,afio-usart1-remap,5,reference
CH32V006,USART1,USART1_TX,PC5,afio-usart1-remap,6,reference
CH32V006,USART1,USART1_TX,PB5,afio-usart1-remap,7,reference
CH32V006,USART1,USART1_TX,PA0,afio-usart1-remap,8,reference
CH32V006,USART1,USART1_TX,PA0,afio-usart1-remap,9,reference
CH32V006,USART2,USART2_CTS,PA4,afio-usart2-remap,0,reference
CH32V006,USART2,USART2_CTS,PA7,afio-usart2-remap,1,reference
CH32V006,USART2,USART2_CTS,PA0,afio-usart2-remap,2,reference
CH32V006,USART2,USART2_CTS,PA0,afio-usart2-remap,3,reference
CH32V006,USART2,USART2_CTS,PB6,afio-usart2-remap,4,reference
CH32V006,USART2,USART2_CTS,PA4,afio-usart2-remap,5,reference
CH32V006,USART2,USART2_CTS,PA7,afio-usart2-remap,6,reference
CH32V006,USART2,USART2_RTS,PA5,afio-usart2-remap,0,reference
CH32V006,USART2,USART2_RTS,PB3,afio-usart2-remap,1,reference
CH32V006,USART2,USART2_RTS,PA1,afio-usart2-remap,2,reference
CH32V006,USART2,USART2_RTS,PA1,afio-usart2-remap,3,reference
CH32V006,USART2,USART2_RTS,PA1,afio-usart2-remap,4,reference
CH32V006,USART2,USART2_RTS,PA1,afio-usart2-remap,5,reference
CH32V006,USART2,USART2_RTS,PB3,afio-usart2-remap,6,reference
CH32V006,USART2,USART2_RX,PB3,afio-usart2-remap,0,reference
CH32V006,USART2,USART2_RX,PA5,afio-usart2-remap,1,reference
CH32V006,USART2,USART2_RX,PA3,afio-usart2-remap,2,reference
CH32V006,USART2,USART2_RX,PD3,afio-usart2-remap,3,reference
CH32V006,USART2,USART2_RX,PB1,afio-usart2-remap,4,reference
CH32V006,USART2,USART2_RX,PD1,afio-usart2-remap,5,reference
CH32V006,USART2,USART2_RX,PA5,afio-usart2-remap,6,reference
CH32V006,USART2,USART2_TX,PA7,afio-usart2-remap,0,reference
CH32V006,USART2,USART2_TX,PA4,afio-usart2-remap,1,reference
CH32V006,USART2,USART2_TX,PA2,afio-usart2-remap,2,reference
CH32V006,USART2,USART2_TX,PD2,afio-usart2-remap,3,reference
CH32V006,USART2,USART2_TX,PB0,afio-usart2-remap,4,reference
CH32V006,USART2,USART2_TX,PC4,afio-usart2-remap,5,reference
CH32V006,USART2,USART2_TX,PA6,afio-usart2-remap,6,reference
CH32V007,I2C,I2C_SCL,PC2,afio-i2c1-remap,0,reference
CH32V007,I2C,I2C_SCL,PD1,afio-i2c1-remap,1,reference
CH32V007,I2C,I2C_SCL,PC5,afio-i2c1-remap,2,reference
CH32V007,I2C,I2C_SCL,PB5,afio-i2c1-remap,3,reference
CH32V007,I2C,I2C_SCL,PB3,afio-i2c1-remap,4,reference
CH32V007,I2C,I2C_SDA,PC1,afio-i2c1-remap,0,reference
CH32V007,I2C,I2C_SDA,PD0,afio-i2c1-remap,1,reference
CH32V007,I2C,I2C_SDA,PC4,afio-i2c1-remap,2,reference
CH32V007,I2C,I2C_SDA,PB6,afio-i2c1-remap,3,reference
CH32V007,I2C,I2C_SDA,PD1,afio-i2c1-remap,4,reference
CH32V007,SPI,SPI_MISO,PC7,afio-spi1-remap,0,reference
CH32V007,SPI,SPI_MISO,PC7,afio-spi1-remap,1,reference
CH32V007,SPI,SPI_MISO,PB3,afio-spi1-remap,2,reference
CH32V007,SPI,SPI_MISO,PB2,afio-spi1-remap,3,reference
CH32V007,SPI,SPI_MISO,PD5,afio-spi1-remap,4,reference
CH32V007,SPI,SPI_MISO,PB5,afio-spi1-remap,5,reference
CH32V007,SPI,SPI_MISO,PC7,afio-spi1-remap,6,reference
CH32V007,SPI,SPI_MOSI,PC6,afio-spi1-remap,0,reference
CH32V007,SPI,SPI_MOSI,PC6,afio-spi1-remap,1,reference
CH32V007,SPI,SPI_MOSI,PD3,afio-spi1-remap,2,reference
CH32V007,SPI,SPI_MOSI,PC0,afio-spi1-remap,3,reference
CH32V007,SPI,SPI_MOSI,PD6,afio-spi1-remap,4,reference
CH32V007,SPI,SPI_MOSI,PA2,afio-spi1-remap,5,reference
CH32V007,SPI,SPI_MOSI,PB4,afio-spi1-remap,6,reference
CH32V007,SPI,SPI_NSS,PC1,afio-spi1-remap,0,reference
CH32V007,SPI,SPI_NSS,PC0,afio-spi1-remap,1,reference
CH32V007,SPI,SPI_NSS,PC4,afio-spi1-remap,2,reference
CH32V007,SPI,SPI_NSS,PB0,afio-spi1-remap,3,reference
CH32V007,SPI,SPI_NSS,PD3,afio-spi1-remap,4,reference
CH32V007,SPI,SPI_NSS,PC1,afio-spi1-remap,5,reference
CH32V007,SPI,SPI_NSS,PC4,afio-spi1-remap,6,reference
CH32V007,SPI,SPI_SCK,PC5,afio-spi1-remap,0,reference
CH32V007,SPI,SPI_SCK,PC5,afio-spi1-remap,1,reference
CH32V007,SPI,SPI_SCK,PD2,afio-spi1-remap,2,reference
CH32V007,SPI,SPI_SCK,PB1,afio-spi1-remap,3,reference
CH32V007,SPI,SPI_SCK,PD4,afio-spi1-remap,4,reference
CH32V007,SPI,SPI_SCK,PA1,afio-spi1-remap,5,reference
CH32V007,SPI,SPI_SCK,PB5,afio-spi1-remap,6,reference
CH32V007,USART1,USART1_CTS,PD3,afio-usart1-remap,0,reference
CH32V007,USART1,USART1_CTS,PC6,afio-usart1-remap,1,reference
CH32V007,USART1,USART1_CTS,PC3,afio-usart1-remap,2,reference
CH32V007,USART1,USART1_CTS,PC6,afio-usart1-remap,3,reference
CH32V007,USART1,USART1_CTS,PD7,afio-usart1-remap,4,reference
CH32V007,USART1,USART1_CTS,PD7,afio-usart1-remap,5,reference
CH32V007,USART1,USART1_CTS,PC7,afio-usart1-remap,6,reference
CH32V007,USART1,USART1_CTS,PC7,afio-usart1-remap,7,reference
CH32V007,USART1,USART1_CTS,PD2,afio-usart1-remap,8,reference
CH32V007,USART1,USART1_CTS,PD5,afio-usart1-remap,9,reference
CH32V007,USART1,USART1_RTS,PC2,afio-usart1-remap,0,reference
CH32V007,USART1,USART1_RTS,PC7,afio-usart1-remap,1,reference
CH32V007,USART1,USART1_RTS,PC2,afio-usart1-remap,2,reference
CH32V007,USART1,USART1_RTS,PC7,afio-usart1-remap,3,reference
CH32V007,USART1,USART1_RTS,PA5,afio-usart1-remap,4,reference
CH32V007,USART1,USART1_RTS,PA5,afio-usart1-remap,5,reference
CH32V007,USART1,USART1_RTS,PB4,afio-usart1-remap,6,reference
CH32V007,USART1,USART1_RTS,PB4,afio-usart1-remap,7,reference
CH32V007,USART1,USART1_RTS,PD3,afio-usart1-remap,8,reference
CH32V007,USART1,USART1_RTS,PD4,afio-usart1-remap,9,reference
CH32V007,USART1,USART1_RX,PD6,afio-usart1-remap,0,reference
CH32V007,USART1,USART1_RX,PD5,afio-usart1-remap,1,reference
CH32V007,USART1,USART1_RX,PD1,afio-usart1-remap,2,reference
CH32V007,USART1,USART1_RX,PC1,afio-usart1-remap,3,reference
CH32V007,USART1,USART1_RX,PB3,afio-usart1-remap,4,reference
CH32V007,USART1,USART1_RX,PD1,afio-usart1-remap,5,reference
CH32V007,USART1,USART1_RX,PC6,afio-usart1-remap,6,reference
CH32V007,USART1,USART1_RX,PB6,afio-usart1-remap,7,reference
CH32V007,USART1,USART1_RX,PA1,afio-usart1-remap,8,reference
CH32V007,USART1,USART1_RX,PC4,afio-usart1-remap,9,reference
CH32V007,USART1,USART1_TX,PD5,afio-usart1-remap,0,reference
CH32V007,USART1,USART1_TX,PD6,afio-usart1-remap,1,reference
CH32V007,USART1,USART1_TX,PD0,afio-usart1-remap,2,reference
CH32V007,USART1,USART1_TX,PC0,afio-usart1-remap,3,reference
CH32V007,USART1,USART1_TX,PD1,afio-usart1-remap,4,reference
CH32V007,USART1,USART1_TX,PB3,afio-usart1-remap,5,reference
CH32V007,USART1,USART1_TX,PC5,afio-usart1-remap,6,reference
CH32V007,USART1,USART1_TX,PB5,afio-usart1-remap,7,reference
CH32V007,USART1,USART1_TX,PA0,afio-usart1-remap,8,reference
CH32V007,USART1,USART1_TX,PA0,afio-usart1-remap,9,reference
CH32V007,USART2,USART2_CTS,PA4,afio-usart2-remap,0,reference
CH32V007,USART2,USART2_CTS,PA7,afio-usart2-remap,1,reference
CH32V007,USART2,USART2_CTS,PA0,afio-usart2-remap,2,reference
CH32V007,USART2,USART2_CTS,PA0,afio-usart2-remap,3,reference
CH32V007,USART2,USART2_CTS,PB6,afio-usart2-remap,4,reference
CH32V007,USART2,USART2_CTS,PA4,afio-usart2-remap,5,reference
CH32V007,USART2,USART2_CTS,PA7,afio-usart2-remap,6,reference
CH32V007,USART2,USART2_RTS,PA5,afio-usart2-remap,0,reference
CH32V007,USART2,USART2_RTS,PB3,afio-usart2-remap,1,reference
CH32V007,USART2,USART2_RTS,PA1,afio-usart2-remap,2,reference
CH32V007,USART2,USART2_RTS,PA1,afio-usart2-remap,3,reference
CH32V007,USART2,USART2_RTS,PA1,afio-usart2-remap,4,reference
CH32V007,USART2,USART2_RTS,PA1,afio-usart2-remap,5,reference
CH32V007,USART2,USART2_RTS,PB3,afio-usart2-remap,6,reference
CH32V007,USART2,USART2_RX,PB3,afio-usart2-remap,0,reference
CH32V007,USART2,USART2_RX,PA5,afio-usart2-remap,1,reference
CH32V007,USART2,USART2_RX,PA3,afio-usart2-remap,2,reference
CH32V007,USART2,USART2_RX,PD3,afio-usart2-remap,3,reference
CH32V007,USART2,USART2_RX,PB1,afio-usart2-remap,4,reference
CH32V007,USART2,USART2_RX,PD1,afio-usart2-remap,5,reference
CH32V007,USART2,USART2_RX,PA5,afio-usart2-remap,6,reference
CH32V007,USART2,USART2_TX,PA7,afio-usart2-remap,0,reference
CH32V007,USART2,USART2_TX,PA4,afio-usart2-remap,1,reference
CH32V007,USART2,USART2_TX,PA2,afio-usart2-remap,2,reference
CH32V007,USART2,USART2_TX,PD2,afio-usart2-remap,3,reference
CH32V007,USART2,USART2_TX,PB0,afio-usart2-remap,4,reference
CH32V007,USART2,USART2_TX,PC4,afio-usart2-remap,5,reference
CH32V007,USART2,USART2_TX,PA6,afio-usart2-remap,6,reference
CH32V103,I2C1,I2C1_SCL,PB6,afio-i2c1-remap,0,reference
CH32V103,I2C1,I2C1_SCL,PB8,afio-i2c1-remap,1,reference
CH32V103,I2C1,I2C1_SDA,PB7,afio-i2c1-remap,0,reference
CH32V103,I2C1,I2C1_SDA,PB9,afio-i2c1-remap,1,reference
CH32V103,I2C1,I2C1_SMBAI,PB5,afio-i2c1-remap,0,reference
CH32V103,SPI1,SPI1_MISO,PA6,afio-spi1-remap,0,reference
CH32V103,SPI1,SPI1_MISO,PB4,afio-spi1-remap,1,reference
CH32V103,SPI1,SPI1_MOSI,PA7,afio-spi1-remap,0,reference
CH32V103,SPI1,SPI1_MOSI,PB5,afio-spi1-remap,1,reference
CH32V103,SPI1,SPI1_NSS,PA4,afio-spi1-remap,0,reference
CH32V103,SPI1,SPI1_NSS,PA15,afio-spi1-remap,1,reference
CH32V103,SPI1,SPI1_SCK,PA5,afio-spi1-remap,0,reference
CH32V103,SPI1,SPI1_SCK,PB3,afio-spi1-remap,1,reference
CH32V103,USART1,USART1_CK,PA8,afio-usart1-remap,0,reference
CH32V103,USART1,USART1_CTS,PA11,afio-usart1-remap,0,reference
CH32V103,USART1,USART1_RTS,PA12,afio-usart1-remap,0,reference
CH32V103,USART1,USART1_RX,PA10,afio-usart1-remap,0,reference
CH32V103,USART1,USART1_RX,PB7,afio-usart1-remap,1,reference
CH32V103,USART1,USART1_TX,PA9,afio-usart1-remap,0,reference
CH32V103,USART1,USART1_TX,PB6,afio-usart1-remap,1,reference
CH32V103,USART2,USART2_CK,PA4,afio-usart2-remap,0,reference
CH32V103,USART2,USART2_CTS,PA0-WKUP,afio-usart2-remap,0,reference
CH32V103,USART2,USART2_RTS,PA1,afio-usart2-remap,0,reference
CH32V103,USART2,USART2_RX,PA3,afio-usart2-remap,0,reference
CH32V103,USART2,USART2_TX,PA2,afio-usart2-remap,0,reference
CH32V103,USART3,USART3_CK,PB12,afio-usart3-remap,0,reference
CH32V103,USART3,USART3_CK,PC12,afio-usart3-remap,1,reference
CH32V103,USART3,USART3_CTS,PB13,afio-usart3-remap,0,reference
CH32V103,USART3,USART3_RTS,PB14,afio-usart3-remap,0,reference
CH32V103,USART3,USART3_RX,PB11,afio-usart3-remap,0,reference
CH32V103,USART3,USART3_RX,PC11,afio-usart3-remap,1,reference
CH32V103,USART3,USART3_TX,PB10,afio-usart3-remap,0,reference
CH32V103,USART3,USART3_TX,PC10,afio-usart3-remap,1,reference
CH32V203,I2C1,I2C1_SCL,PB6,afio-i2c1-remap,0,reference
CH32V203,I2C1,I2C1_SCL,PB8,afio-i2c1-remap,1,reference
CH32V203,I2C1,I2C1_SDA,PB7,afio-i2c1-remap,0,reference
CH32V203,I2C1,I2C1_SDA,PB9,afio-i2c1-remap,1,reference
CH32V203,I2C1,I2C1_SMBA,PB5,afio-i2c1-remap,0,reference
CH32V203,SPI1,SPI1_MISO,PA6,afio-spi1-remap,0,reference
CH32V203,SPI1,SPI1_MISO,PB4,afio-spi1-remap,1,reference
CH32V203,SPI1,SPI1_MOSI,PA7,afio-spi1-remap,0,reference
CH32V203,SPI1,SPI1_MOSI,PB5,afio-spi1-remap,1,reference
CH32V203,SPI1,SPI1_NSS,PA4,afio-spi1-remap,0,reference
CH32V203,SPI1,SPI1_NSS,PA15,afio-spi1-remap,1,reference
CH32V203,SPI1,SPI1_SCK,PA5,afio-spi1-remap,0,reference
CH32V203,SPI1,SPI1_SCK,PB3,afio-spi1-remap,1,reference
CH32V203,UART4,UART4_RX,PC11,afio-usart4-rm,0,reference
CH32V203,UART4,UART4_RX,PB1,afio-usart4-rm,1,reference
CH32V203,UART4,UART4_TX,PC10,afio-usart4-rm,0,reference
CH32V203,UART4,UART4_TX,PB0,afio-usart4-rm,1,reference
CH32V203,USART1,USART1_CK,PA8,afio-usart1-remap,0,reference
CH32V203,USART1,USART1_CK,PA8,afio-usart1-remap,1,reference
CH32V203,USART1,USART1_CTS,PA11,afio-usart1-remap,0,reference
CH32V203,USART1,USART1_CTS,PA11,afio-usart1-remap,1,reference
CH32V203,USART1,USART1_RTS,PA12,afio-usart1-remap,0,reference
CH32V203,USART1,USART1_RTS,PA12,afio-usart1-remap,1,reference
CH32V203,USART1,USART1_RX,PA10,afio-usart1-remap,0,reference
CH32V203,USART1,USART1_RX,PB7,afio-usart1-remap,1,reference
CH32V203,USART1,USART1_TX,PA9,afio-usart1-remap,0,reference
CH32V203,USART1,USART1_TX,PB6,afio-usart1-remap,1,reference
CH32V203,USART2,USART2_CK,PA4,afio-usart2-remap,0,reference
CH32V203,USART2,USART2_CTS,PA0-WKUP,afio-usart2-remap,0,reference
CH32V203,USART2,USART2_RTS,PA1,afio-usart2-remap,0,reference
CH32V203,USART2,USART2_RX,PA3,afio-usart2-remap,0,reference
CH32V203,USART2,USART2_TX,PA2,afio-usart2-remap,0,reference
CH32V203,USART3,USART3_CK,PB12,afio-usart3-remap,0,reference
CH32V203,USART3,USART3_CK,PC12,afio-usart3-remap,1,reference
CH32V203,USART3,USART3_CTS,PB13,afio-usart3-remap,0,reference
CH32V203,USART3,USART3_CTS,PB13,afio-usart3-remap,1,reference
CH32V203,USART3,USART3_RTS,PB14,afio-usart3-remap,0,reference
CH32V203,USART3,USART3_RTS,PB14,afio-usart3-remap,1,reference
CH32V203,USART3,USART3_RX,PB11,afio-usart3-remap,0,reference
CH32V203,USART3,USART3_RX,PC11,afio-usart3-remap,1,reference
CH32V203,USART3,USART3_TX,PB10,afio-usart3-remap,0,reference
CH32V203,USART3,USART3_TX,PC10,afio-usart3-remap,1,reference
CH32V203,USART4,USART4_CK,PB2,afio-usart4-rm,0,reference
CH32V203,USART4,USART4_CK,PA6,afio-usart4-rm,1,reference
CH32V203,USART4,USART4_CTS,PB3,afio-usart4-rm,0,reference
CH32V203,USART4,USART4_CTS,PA7,afio-usart4-rm,1,reference
CH32V203,USART4,USART4_RTS,PB4,afio-usart4-rm,0,reference
CH32V203,USART4,USART4_RTS,PA15,afio-usart4-rm,1,reference
CH32V203,USART4,USART4_RX,PB1,afio-usart4-rm,0,reference
CH32V203,USART4,USART4_RX,PB5,afio-usart4-rm,1,reference
CH32V203,USART4,USART4_TX,PB0,afio-usart4-rm,0,reference
CH32V203,USART4,USART4_TX,PA5,afio-usart4-rm,1,reference
CH32V208,I2C1,I2C1_SCL,PB6,afio-i2c1-remap,0,reference
CH32V208,I2C1,I2C1_SCL,PB8,afio-i2c1-remap,1,reference
CH32V208,I2C1,I2C1_SDA,PB7,afio-i2c1-remap,0,reference
CH32V208,I2C1,I2C1_SDA,PB9,afio-i2c1-remap,1,reference
CH32V208,I2C1,I2C1_SMBA,PB5,afio-i2c1-remap,0,reference
CH32V208,SPI1,SPI1_MISO,PA6,afio-spi1-remap,0,reference
CH32V208,SPI1,SPI1_MISO,PB4,afio-spi1-remap,1,reference
CH32V208,SPI1,SPI1_MOSI,PA7,afio-spi1-remap,0,reference
CH32V208,SPI1,SPI1_MOSI,PB5,afio-spi1-remap,1,reference
CH32V208,SPI1,SPI1_NSS,PA4,afio-spi1-remap,0,reference
CH32V208,SPI1,SPI1_NSS,PA15,afio-spi1-remap,1,reference
CH32V208,SPI1,SPI1_SCK,PA5,afio-spi1-remap,0,reference
CH32V208,SPI1,SPI1_SCK,PB3,afio-spi1-remap,1,reference
CH32V208,UART4,UART4_RX,PC11,afio-usart4-rm,0,reference
CH32V208,UART4,UART4_RX,PB1,afio-usart4-rm,1,reference
CH32V208,UART4,UART4_TX,PC10,afio-usart4-rm,0,reference
CH32V208,UART4,UART4_TX,PB0,afio-usart4-rm,1,reference
CH32V208,USART1,USART1_CK,PA8,afio-usart1-remap,0,reference
CH32V208,USART1,USART1_CK,PA8,afio-usart1-remap,1,reference
CH32V208,USART1,USART1_CTS,PA11,afio-usart1-remap,0,reference
CH32V208,USART1,USART1_CTS,PA11,afio-usart1-remap,1,reference
CH32V208,USART1,USART1_RTS,PA12,afio-usart1-remap,0,reference
CH32V208,USART1,USART1_RTS,PA12,afio-usart1-remap,1,reference
CH32V208,USART1,USART1_RX,PA10,afio-usart1-remap,0,reference
CH32V208,USART1,USART1_RX,PB7,afio-usart1-remap,1,reference
CH32V208,USART1,USART1_TX,PA9,afio-usart1-remap,0,reference
CH32V208,USART1,USART1_TX,PB6,afio-usart1-remap,1,reference
CH32V208,USART2,USART2_CK,PA4,afio-usart2-remap,0,reference
CH32V208,USART2,USART2_CTS,PA0-WKUP,afio-usart2-remap,0,reference
CH32V208,USART2,USART2_RTS,PA1,afio-usart2-remap,0,reference
CH32V208,USART2,USART2_RX,PA3,afio-usart2-remap,0,reference
CH32V208,USART2,USART2_TX,PA2,afio-usart2-remap,0,reference
CH32V208,USART3,USART3_CK,PB12,afio-usart3-remap,0,reference
CH32V208,USART3,USART3_CK,PC12,afio-usart3-remap,1,reference
CH32V208,USART3,USART3_CTS,PB13,afio-usart3-remap,0,reference
CH32V208,USART3,USART3_CTS,PB13,afio-usart3-remap,1,reference
CH32V208,USART3,USART3_RTS,PB14,afio-usart3-remap,0,reference
CH32V208,USART3,USART3_RTS,PB14,afio-usart3-remap,1,reference
CH32V208,USART3,USART3_RX,PB11,afio-usart3-remap,0,reference
CH32V208,USART3,USART3_RX,PC11,afio-usart3-remap,1,reference
CH32V208,USART3,USART3_TX,PB10,afio-usart3-remap,0,reference
CH32V208,USART3,USART3_TX,PC10,afio-usart3-remap,1,reference
CH32V303,I2C1,I2C1_SCL,PB6,afio-i2c1-remap,0,reference
CH32V303,I2C1,I2C1_SCL,PB8,afio-i2c1-remap,1,reference
CH32V303,I2C1,I2C1_SDA,PB7,afio-i2c1-remap,0,reference
CH32V303,I2C1,I2C1_SDA,PB9,afio-i2c1-remap,1,reference
CH32V303,I2C1,I2C1_SMBA,PB5,afio-i2c1-remap,0,reference
CH32V303,SPI1,SPI1_MISO,PA6,afio-spi1-remap,0,reference
CH32V303,SPI1,SPI1_MISO,PB4,afio-spi1-remap,1,reference
CH32V303,SPI1,SPI1_MOSI,PA7,afio-spi1-remap,0,reference
CH32V303,SPI1,SPI1_MOSI,PB5,afio-spi1-remap,1,reference
CH32V303,SPI1,SPI1_NSS,PA4,afio-spi1-remap,0,reference
CH32V303,SPI1,SPI1_NSS,PA15,afio-spi1-remap,1,reference
CH32V303,SPI1,SPI1_SCK,PA5,afio-spi1-remap,0,reference
CH32V303,SPI1,SPI1_SCK,PB3,afio-spi1-remap,1,reference
CH32V303,SPI3,SPI3_MISO,PB4,afio-spi3-remap,0,reference
CH32V303,SPI3,SPI3_MISO,PC11,afio-spi3-remap,1,reference
CH32V303,SPI3,SPI3_MOSI,PA15,afio-spi3-remap,0,reference
CH32V303,SPI3,SPI3_MOSI,PB5,afio-spi3-remap,0,reference
CH32V303,SPI3,SPI3_MOSI,PC12,afio-spi3-remap,1,reference
CH32V303,SPI3,SPI3_NSS,PA15,afio-spi3-remap,0,reference
CH32V303,SPI3,SPI3_NSS,PA4,afio-spi3-remap,1,reference
CH32V303,SPI3,SPI3_SCK,PB3,afio-spi3-remap,0,reference
CH32V303,SPI3,SPI3_SCK,PC10,afio-spi3-remap,1,reference
CH32V303,UART4,UART4_RX,PC11,afio-usart4-remap,0,reference
CH32V303,UART4,UART4_RX,PB1,afio-usart4-remap,1,reference
CH32V303,UART4,UART4_RX,PE1,afio-usart4-remap,2,reference
CH32V303,UART4,UART4_RX,PE1,afio-usart4-remap,3,reference
CH32V303,UART4,UART4_TX,PC10,afio-usart4-remap,0,reference
CH32V303,UART4,UART4_TX,PB0,afio-usart4-remap,1,reference
CH32V303,UART4,UART4_TX,PE0,afio-usart4-remap,2,reference
CH32V303,UART4,UART4_TX,PE0,afio-usart4-remap,3,reference
CH32V303,UART5,UART5_RX,PD2,afio-usart5-remap,0,reference
CH32V303,UART5,UART5_RX,PB5,afio-usart5-remap,1,reference
CH32V303,UART5,UART5_RX,PE9,afio-usart5-remap,2,reference
CH32V303,UART5,UART5_RX,PE9,afio-usart5-remap,3,reference
CH32V303,UART5,UART5_TX,PC12,afio-usart5-remap,0,reference
CH32V303,UART5,UART5_TX,PB4,afio-usart5-remap,1,reference
CH32V303,UART5,UART5_TX,PE8,afio-usart5-remap,2,reference
CH32V303,UART5,UART5_TX,PE8,afio-usart5-remap,3,reference
CH32V303,UART6,UART6_RX,PC1,afio-usart6-remap,0,reference
CH32V303,UART6,UART6_RX,PB9,afio-usart6-remap,1,reference
CH32V303,UART6,UART6_RX,PE11,afio-usart6-remap,2,reference
CH32V303,UART6,UART6_RX,PE11,afio-usart6-remap,3,reference
CH32V303,UART6,UART6_TX,PC0,afio-usart6-remap,0,reference
CH32V303,UART6,UART6_TX,PB8,afio-usart6-remap,1,reference
CH32V303,UART6,UART6_TX,PE10,afio-usart6-remap,2,reference
CH32V303,UART6,UART6_TX,PE10,afio-usart6-remap,3,reference
CH32V303,UART7,UART7_RX,PC3,afio-usart7-remap,0,reference
CH32V303,UART7,UART7_RX,PA7,afio-usart7-remap,1,reference
CH32V303,UART7,UART7_RX,PE13,afio-usart7-remap,2,reference
CH32V303,UART7,UART7_RX,PE13,afio-usart7-remap,3,reference
CH32V303,UART7,UART7_TX,PC2,afio-usart7-remap,0,reference
CH32V303,UART7,UART7_TX,PA6,afio-usart7-remap,1,reference
CH32V303,UART7,UART7_TX,PE12,afio-usart7-remap,2,reference
CH32V303,UART7,UART7_TX,PE12,afio-usart7-remap,3,reference
CH32V303,UART8,UART8_RX,PC5,afio-usart8-remap,0,reference
CH32V303,UART8,UART8_RX,PA15,afio-usart8-remap,1,reference
CH32V303,UART8,UART8_RX,PE15,afio-usart8-remap,2,reference
CH32V303,UART8,UART8_RX,PE15,afio-usart8-remap,3,reference
CH32V303,UART8,UART8_TX,PC4,afio-usart8-remap,0,reference
CH32V303,UART8,UART8_TX,PA14,afio-usart8-remap,1,reference
CH32V303,UART8,UART8_TX,PE14,afio-usart8-remap,2,reference
CH32V303,UART8,UART8_TX,PE14,afio-usart8-remap,3,reference
CH32V303,USART1,USART1_CK,PA8,afio-usart1-remap,0,reference
CH32V303,USART1,USART1_CK,PA8,afio-usart1-remap,1,reference
CH32V303,USART1,USART1_CK,PA10,afio-usart1-remap,2,reference
CH32V303,USART1,USART1_CK,PA5,afio-usart1-remap,3,reference
CH32V303,USART1,USART1_CTS,PA11,afio-usart1-remap,0,reference
CH32V303,USART1,USART1_CTS,PA11,afio-usart1-remap,1,reference
CH32V303,USART1,USART1_CTS,PA5,afio-usart1-remap,2,reference
CH32V303,USART1,USART1_CTS,PC4,afio-usart1-remap,3,reference
CH32V303,USART1,USART1_RTS,PA12,afio-usart1-remap,0,reference
CH32V303,USART1,USART1_RTS,PA12,afio-usart1-remap,1,reference
CH32V303,USART1,USART1_RTS,PA9,afio-usart1-remap,2,reference
CH32V303,USART1,USART1_RTS,PC5,afio-usart1-remap,3,reference
CH32V303,USART1,USART1_RX,PA10,afio-usart1-remap,0,reference
CH32V303,USART1,USART1_RX,PB7,afio-usart1-remap,1,reference
CH32V303,USART1,USART1_RX,PA8,afio-usart1-remap,2,reference
CH32V303,USART1,USART1_RX,PA7,afio-usart1-remap,3,reference
CH32V303,USART1,USART1_TX,PA9,afio-usart1-remap,0,reference
CH32V303,USART1,USART1_TX,PB6,afio-usart1-remap,1,reference
CH32V303,USART1,USART1_TX,PB15,afio-usart1-remap,2,reference
CH32V303,USART1,USART1_TX,PA6,afio-usart1-remap,3,reference
CH32V303,USART2,USART2_CK,PA4,afio-usart2-remap,0,reference
CH32V303,USART2,USART2_CK,PD7,afio-usart2-remap,1,reference
CH32V303,USART2,USART2_CTS,PA0-WKUP,afio-usart2-remap,0,reference
CH32V303,USART2,USART2_CTS,PD3,afio-usart2-remap,1,reference
CH32V303,USART2,USART2_RTS,PA1,afio-usart2-remap,0,reference
CH32V303,USART2,USART2_RTS,PD4,afio-usart2-remap,1,reference
CH32V303,USART2,USART2_RX,PA3,afio-usart2-remap,0,reference
CH32V303,USART2,USART2_RX,PD6,afio-usart2-remap,1,reference
CH32V303,USART2,USART2_TX,PA2,afio-usart2-remap,0,reference
CH32V303,USART2,USART2_TX,PD5,afio-usart2-remap,1,reference
CH32V303,USART3,USART3_CK,PB12,afio-usart3-remap,0,reference
CH32V303,USART3,USART3_CK,PC12,afio-usart3-remap,1,reference
CH32V303,USART3,USART3_CK,PD10,afio-usart3-remap,2,reference
CH32V303,USART3,USART3_CK,PD10,afio-usart3-remap,3,reference
CH32V303,USART3,USART3_CTS,PB13,afio-usart3-remap,0,reference
CH32V303,USART3,USART3_CTS,PB13,afio-usart3-remap,1,reference
CH32V303,USART3,USART3_CTS,PD11,afio-usart3-remap,2,reference
CH32V303,USART3,USART3_CTS,PD11,afio-usart3-remap,3,reference
CH32V303,USART3,USART3_RTS,PB14,afio-usart3-remap,0,reference
CH32V303,USART3,USART3_RTS,PB14,afio-usart3-remap,1,reference
CH32V303,USART3,USART3_RTS,PD12,afio-usart3-remap,2,reference
CH32V303,USART3,USART3_RTS,PD12,afio-usart3-remap,3,reference
CH32V303,USART3,USART3_RX,PB11,afio-usart3-remap,0,reference
CH32V303,USART3,USART3_RX,PC11,afio-usart3-remap,1,reference
CH32V303,USART3,USART3_RX,PA14,afio-usart3-remap,2,reference
CH32V303,USART3,USART3_RX,PD9,afio-usart3-remap,3,reference
CH32V303,USART3,USART3_TX,PB10,afio-usart3-remap,0,reference
CH32V303,USART3,USART3_TX,PC10,afio-usart3-remap,1,reference
CH32V303,USART3,USART3_TX,PA13,afio-usart3-remap,2,reference
CH32V303,USART3,USART3_TX,PD8,afio-usart3-remap,3,reference
CH32V305,I2C1,I2C1_SCL,PB6,afio-i2c1-remap,0,reference
CH32V305,I2C1,I2C1_SCL,PB8,afio-i2c1-remap,1,reference
CH32V305,I2C1,I2C1_SDA,PB7,afio-i2c1-remap,0,reference
CH32V305,I2C1,I2C1_SDA,PB9,afio-i2c1-remap,1,reference
CH32V305,I2C1,I2C1_SMBA,PB5,afio-i2c1-remap,0,reference
CH32V305,SPI1,SPI1_MISO,PA6,afio-spi1-remap,0,reference
CH32V305,SPI1,SPI1_MISO,PB4,afio-spi1-remap,1,reference
CH32V305,SPI1,SPI1_MOSI,PA7,afio-spi1-remap,0,reference
CH32V305,SPI1,SPI1_MOSI,PB5,afio-spi1-remap,1,reference
CH32V305,SPI1,SPI1_NSS,PA4,afio-spi1-remap,0,reference
CH32V305,SPI1,SPI1_NSS,PA15,afio-spi1-remap,1,reference
CH32V305,SPI1,SPI1_SCK,PA5,afio-spi1-remap,0,reference
CH32V305,SPI1,SPI1_SCK,PB3,afio-spi1-remap,1,reference
CH32V305,SPI3,SPI3_MISO,PB4,afio-spi3-remap,0,reference
CH32V305,SPI3,SPI3_MISO,PC11,afio-spi3-remap,1,reference
CH32V305,SPI3,SPI3_MOSI,PA15,afio-spi3-remap,0,reference
CH32V305,SPI3,SPI3_MOSI,PB5,afio-spi3-remap,0,reference
CH32V305,SPI3,SPI3_MOSI,PC12,afio-spi3-remap,1,reference
CH32V305,SPI3,SPI3_NSS,PA15,afio-spi3-remap,0,reference
CH32V305,SPI3,SPI3_NSS,PA4,afio-spi3-remap,1,reference
CH32V305,SPI3,SPI3_SCK,PB3,afio-spi3-remap,0,reference
CH32V305,SPI3,SPI3_SCK,PC10,afio-spi3-remap,1,reference
CH32V305,UART4,UART4_RX,PC11,afio-usart4-remap,0,reference
CH32V305,UART4,UART4_RX,PB1,afio-usart4-remap,1,reference
CH32V305,UART4,UART4_TX,PC10,afio-usart4-remap,0,reference
CH32V305,UART4,UART4_TX,PB0,afio-usart4-remap,1,reference
CH32V305,UART5,UART5_RX,PD2,afio-usart5-remap,0,reference
CH32V305,UART5,UART5_RX,PB5,afio-usart5-remap,1,reference
CH32V305,UART5,UART5_TX,PC12,afio-usart5-remap,0,reference
CH32V305,UART5,UART5_TX,PB4,afio-usart5-remap,1,reference
CH32V305,UART6,UART6_RX,PC1,afio-usart6-remap,0,reference
CH32V305,UART6,UART6_RX,PB9,afio-usart6-remap,1,reference
CH32V305,UART6,UART6_TX,PC0,afio-usart6-remap,0,reference
CH32V305,UART6,UART6_TX,PB8,afio-usart6-remap,1,reference
CH32V305,UART7,UART7_RX,PC3,afio-usart7-remap,0,reference
CH32V305,UART7,UART7_RX,PA7,afio-usart7-remap,1,reference
CH32V305,UART7,UART7_TX,PC2,afio-usart7-remap,0,reference
CH32V305,UART7,UART7_TX,PA6,afio-usart7-remap,1,reference
CH32V305,UART8,UART8_RX,PC5,afio-usart8-remap,0,reference
CH32V305,UART8,UART8_RX,PA15,afio-usart8-remap,1,reference
CH32V305,UART8,UART8_TX,PC4,afio-usart8-remap,0,reference
CH32V305,UART8,UART8_TX,PA14,afio-usart8-remap,1,reference
CH32V305,USART1,USART1_CK,PA8,afio-usart1-remap,0,reference
CH32V305,USART1,USART1_CK,PA8,afio-usart1-remap,1,reference
CH32V305,USART1,USART1_CK,PA10,afio-usart1-remap,2,reference
CH32V305,USART1,USART1_CK,PA5,afio-usart1-remap,3,reference
CH32V305,USART1,USART1_CTS,PA11,afio-usart1-remap,0,reference
CH32V305,USART1,USART1_CTS,PA11,afio-usart1-remap,1,reference
CH32V305,USART1,USART1_CTS,PA5,afio-usart1-remap,2,reference
CH32V305,USART1,USART1_CTS,PC4,afio-usart1-remap,3,reference
CH32V305,USART1,USART1_RTS,PA12,afio-usart1-remap,0,reference
CH32V305,USART1,USART1_RTS,PA12,afio-usart1-remap,1,reference
CH32V305,USART1,USART1_RTS,PA9,afio-usart1-remap,2,reference
CH32V305,USART1,USART1_RTS,PC5,afio-usart1-remap,3,reference
CH32V305,USART1,USART1_RX,PA10,afio-usart1-remap,0,reference
CH32V305,USART1,USART1_RX,PB7,afio-usart1-remap,1,reference
CH32V305,USART1,USART1_RX,PA8,afio-usart1-remap,2,reference
CH32V305,USART1,USART1_RX,PA7,afio-usart1-remap,3,reference
CH32V305,USART1,USART1_TX,PA9,afio-usart1-remap,0,reference
CH32V305,USART1,USART1_TX,PB6,afio-usart1-remap,1,reference
CH32V305,USART1,USART1_TX,PB15,afio-usart1-remap,2,reference
CH32V305,USART1,USART1_TX,PA6,afio-usart1-remap,3,reference
CH32V305,USART2,USART2_CK,PA4,afio-usart2-remap,0,reference
CH32V305,USART2,USART2_CTS,PA0-WKUP,afio-usart2-remap,0,reference
CH32V305,USART2,USART2_RTS,PA1,afio-usart2-remap,0,reference
CH32V305,USART2,USART2_RX,PA3,afio-usart2-remap,0,reference
CH32V305,USART2,USART2_TX,PA2,afio-usart2-remap,0,reference
CH32V305,USART3,USART3_CK,PB12,afio-usart3-remap,0,reference
CH32V305,USART3,USART3_CK,PC12,afio-usart3-remap,1,reference
CH32V305,USART3,USART3_CTS,PB13,afio-usart3-remap,0,reference
CH32V305,USART3,USART3_CTS,PB13,afio-usart3-remap,1,reference
CH32V305,USART3,USART3_RTS,PB14,afio-usart3-remap,0,reference
CH32V305,USART3,USART3_RTS,PB14,afio-usart3-remap,1,reference
CH32V305,USART3,USART3_RX,PB11,afio-usart3-remap,0,reference
CH32V305,USART3,USART3_RX,PC11,afio-usart3-remap,1,reference
CH32V305,USART3,USART3_RX,PA14,afio-usart3-remap,2,reference
CH32V305,USART3,USART3_TX,PB10,afio-usart3-remap,0,reference
CH32V305,USART3,USART3_TX,PC10,afio-usart3-remap,1,reference
CH32V305,USART3,USART3_TX,PA13,afio-usart3-remap,2,reference
CH32V307,I2C1,I2C1_SCL,PB6,afio-i2c1-remap,0,reference
CH32V307,I2C1,I2C1_SCL,PB8,afio-i2c1-remap,1,reference
CH32V307,I2C1,I2C1_SDA,PB7,afio-i2c1-remap,0,reference
CH32V307,I2C1,I2C1_SDA,PB9,afio-i2c1-remap,1,reference
CH32V307,I2C1,I2C1_SMBA,PB5,afio-i2c1-remap,0,reference
CH32V307,SPI1,SPI1_MISO,PA6,afio-spi1-remap,0,reference
CH32V307,SPI1,SPI1_MISO,PB4,afio-spi1-remap,1,reference
CH32V307,SPI1,SPI1_MOSI,PA7,afio-spi1-remap,0,reference
CH32V307,SPI1,SPI1_MOSI,PB5,afio-spi1-remap,1,reference
CH32V307,SPI1,SPI1_NSS,PA4,afio-spi1-remap,0,reference
CH32V307,SPI1,SPI1_NSS,PA15,afio-spi1-remap,1,reference
CH32V307,SPI1,SPI1_SCK,PA5,afio-spi1-remap,0,reference
CH32V307,SPI1,SPI1_SCK,PB3,afio-spi1-remap,1,reference
CH32V307,SPI3,SPI3_MISO,PB4,afio-spi3-remap,0,reference
CH32V307,SPI3,SPI3_MISO,PC11,afio-spi3-remap,1,reference
CH32V307,SPI3,SPI3_MOSI,PA15,afio-spi3-remap,0,reference
CH32V307,SPI3,SPI3_MOSI,PB5,afio-spi3-remap,0,reference
CH32V307,SPI3,SPI3_MOSI,PC12,afio-spi3-remap,1,reference
CH32V307,SPI3,SPI3_NSS,PA15,afio-spi3-remap,0,reference
CH32V307,SPI3,SPI3_NSS,PA4,afio-spi3-remap,1,reference
CH32V307,SPI3,SPI3_SCK,PB3,afio-spi3-remap,0,reference
CH32V307,SPI3,SPI3_SCK,PC10,afio-spi3-remap,1,reference
CH32V307,UART4,UART4_RX,PC11,afio-usart4-remap,0,reference
CH32V307,UART4,UART4_RX,PB1,afio-usart4-remap,1,reference
CH32V307,UART4,UART4_RX,PE1,afio-usart4-remap,2,reference
CH32V307,UART4,UART4_RX,PE1,afio-usart4-remap,3,reference
CH32V307,UART4,UART4_TX,PC10,afio-usart4-remap,0,reference
CH32V307,UART4,UART4_TX,PB0,afio-usart4-remap,1,reference
CH32V307,UART4,UART4_TX,PE0,afio-usart4-remap,2,reference
CH32V307,UART4,UART4_TX,PE0,afio-usart4-remap,3,reference
CH32V307,UART5,UART5_RX,PD2,afio-usart5-remap,0,reference
CH32V307,UART5,UART5_RX,PB5,afio-usart5-remap,1,reference
CH32V307,UART5,UART5_RX,PE9,afio-usart5-remap,2,reference
CH32V307,UART5,UART5_RX,PE9,afio-usart5-remap,3,reference
CH32V307,UART5,UART5_TX,PC12,afio-usart5-remap,0,reference
CH32V307,UART5,UART5_TX,PB4,afio-usart5-remap,1,reference
CH32V307,UART5,UART5_TX,PE8,afio-usart5-remap,2,reference
CH32V307,UART5,UART5_TX,PE8,afio-usart5-remap,3,reference
CH32V307,UART6,UART6_RX,PC1,afio-usart6-remap,0,reference
CH32V307,UART6,UART6_RX,PB9,afio-usart6-remap,1,reference
CH32V307,UART6,UART6_RX,PE11,afio-usart6-remap,2,reference
CH32V307,UART6,UART6_RX,PE11,afio-usart6-remap,3,reference
CH32V307,UART6,UART6_TX,PC0,afio-usart6-remap,0,reference
CH32V307,UART6,UART6_TX,PB8,afio-usart6-remap,1,reference
CH32V307,UART6,UART6_TX,PE10,afio-usart6-remap,2,reference
CH32V307,UART6,UART6_TX,PE10,afio-usart6-remap,3,reference
CH32V307,UART7,UART7_RX,PC3,afio-usart7-remap,0,reference
CH32V307,UART7,UART7_RX,PA7,afio-usart7-remap,1,reference
CH32V307,UART7,UART7_RX,PE13,afio-usart7-remap,2,reference
CH32V307,UART7,UART7_RX,PE13,afio-usart7-remap,3,reference
CH32V307,UART7,UART7_TX,PC2,afio-usart7-remap,0,reference
CH32V307,UART7,UART7_TX,PA6,afio-usart7-remap,1,reference
CH32V307,UART7,UART7_TX,PE12,afio-usart7-remap,2,reference
CH32V307,UART7,UART7_TX,PE12,afio-usart7-remap,3,reference
CH32V307,UART8,UART8_RX,PC5,afio-usart8-remap,0,reference
CH32V307,UART8,UART8_RX,PA15,afio-usart8-remap,1,reference
CH32V307,UART8,UART8_RX,PE15,afio-usart8-remap,2,reference
CH32V307,UART8,UART8_RX,PE15,afio-usart8-remap,3,reference
CH32V307,UART8,UART8_TX,PC4,afio-usart8-remap,0,reference
CH32V307,UART8,UART8_TX,PA14,afio-usart8-remap,1,reference
CH32V307,UART8,UART8_TX,PE14,afio-usart8-remap,2,reference
CH32V307,UART8,UART8_TX,PE14,afio-usart8-remap,3,reference
CH32V307,USART1,USART1_CK,PA8,afio-usart1-remap,0,reference
CH32V307,USART1,USART1_CK,PA8,afio-usart1-remap,1,reference
CH32V307,USART1,USART1_CK,PA10,afio-usart1-remap,2,reference
CH32V307,USART1,USART1_CK,PA5,afio-usart1-remap,3,reference
CH32V307,USART1,USART1_CTS,PA11,afio-usart1-remap,0,reference
CH32V307,USART1,USART1_CTS,PA11,afio-usart1-remap,1,reference
CH32V307,USART1,USART1_CTS,PA5,afio-usart1-remap,2,reference
CH32V307,USART1,USART1_CTS,PC4,afio-usart1-remap,3,reference
CH32V307,USART1,USART1_RTS,PA12,afio-usart1-remap,0,reference
CH32V307,USART1,USART1_RTS,PA12,afio-usart1-remap,1,reference
CH32V307,USART1,USART1_RTS,PA9,afio-usart1-remap,2,reference
CH32V307,USART1,USART1_RTS,PC5,afio-usart1-remap,3,reference
CH32V307,USART1,USART1_RX,PA10,afio-usart1-remap,0,reference
CH32V307,USART1,USART1_RX,PB7,afio-usart1-remap,1,reference
CH32V307,USART1,USART1_RX,PA8,afio-usart1-remap,2,reference
CH32V307,USART1,USART1_RX,PA7,afio-usart1-remap,3,reference
CH32V307,USART1,USART1_TX,PA9,afio-usart1-remap,0,reference
CH32V307,USART1,USART1_TX,PB6,afio-usart1-remap,1,reference
CH32V307,USART1,USART1_TX,PB15,afio-usart1-remap,2,reference
CH32V307,USART1,USART1_TX,PA6,afio-usart1-remap,3,reference
CH32V307,USART2,USART2_CK,PA4,afio-usart2-remap,0,reference
CH32V307,USART2,USART2_CK,PD7,afio-usart2-remap,1,reference
CH32V307,USART2,USART2_CTS,PA0-WKUP,afio-usart2-remap,0,reference
CH32V307,USART2,USART2_CTS,PD3,afio-usart2-remap,1,reference
CH32V307,USART2,USART2_RTS,PA1,afio-usart2-remap,0,reference
CH32V307,USART2,USART2_RTS,PD4,afio-usart2-remap,1,reference
CH32V307,USART2,USART2_RX,PA3,afio-usart2-remap,0,reference
CH32V307,USART2,USART2_RX,PD6,afio-usart2-remap,1,reference
CH32V307,USART2,USART2_TX,PA2,afio-usart2-remap,0,reference
CH32V307,USART2,USART2_TX,PD5,afio-usart2-remap,1,reference
CH32V307,USART3,USART3_CK,PB12,afio-usart3-remap,0,reference
CH32V307,USART3,USART3_CK,PC12,afio-usart3-remap,1,reference
CH32V307,USART3,USART3_CK,PD10,afio-usart3-remap,2,reference
CH32V307,USART3,USART3_CK,PD10,afio-usart3-remap,3,reference
CH32V307,USART3,USART3_CTS,PB13,afio-usart3-remap,0,reference
CH32V307,USART3,USART3_CTS,PB13,afio-usart3-remap,1,reference
CH32V307,USART3,USART3_CTS,PD11,afio-usart3-remap,2,reference
CH32V307,USART3,USART3_CTS,PD11,afio-usart3-remap,3,reference
CH32V307,USART3,USART3_RTS,PB14,afio-usart3-remap,0,reference
CH32V307,USART3,USART3_RTS,PB14,afio-usart3-remap,1,reference
CH32V307,USART3,USART3_RTS,PD12,afio-usart3-remap,2,reference
CH32V307,USART3,USART3_RTS,PD12,afio-usart3-remap,3,reference
CH32V307,USART3,USART3_RX,PB11,afio-usart3-remap,0,reference
CH32V307,USART3,USART3_RX,PC11,afio-usart3-remap,1,reference
CH32V307,USART3,USART3_RX,PA14,afio-usart3-remap,2,reference
CH32V307,USART3,USART3_RX,PD9,afio-usart3-remap,3,reference
CH32V307,USART3,USART3_TX,PB10,afio-usart3-remap,0,reference
CH32V307,USART3,USART3_TX,PC10,afio-usart3-remap,1,reference
CH32V307,USART3,USART3_TX,PA13,afio-usart3-remap,2,reference
CH32V307,USART3,USART3_TX,PD8,afio-usart3-remap,3,reference
CH32V317,I2C1,I2C1_SCL,PB6,afio-i2c1-remap,0,reference
CH32V317,I2C1,I2C1_SCL,PB8,afio-i2c1-remap,1,reference
CH32V317,I2C1,I2C1_SDA,PB7,afio-i2c1-remap,0,reference
CH32V317,I2C1,I2C1_SDA,PB9,afio-i2c1-remap,1,reference
CH32V317,I2C1,I2C1_SMBA,PB5,afio-i2c1-remap,0,reference
CH32V317,SPI1,SPI1_MISO,PA6,afio-spi1-remap,0,reference
CH32V317,SPI1,SPI1_MISO,PB4,afio-spi1-remap,1,reference
CH32V317,SPI1,SPI1_MOSI,PA7,afio-spi1-remap,0,reference
CH32V317,SPI1,SPI1_MOSI,PB5,afio-spi1-remap,1,reference
CH32V317,SPI1,SPI1_NSS,PA4,afio-spi1-remap,0,reference
CH32V317,SPI1,SPI1_NSS,PA15,afio-spi1-remap,1,reference
CH32V317,SPI1,SPI1_SCK,PA5,afio-spi1-remap,0,reference
CH32V317,SPI1,SPI1_SCK,PB3,afio-spi1-remap,1,reference
CH32V317,SPI3,SPI3_MISO,PB4,afio-spi3-remap,0,reference
CH32V317,SPI3,SPI3_MISO,PC11,afio-spi3-remap,1,reference
CH32V317,SPI3,SPI3_MOSI,PB5,afio-spi3-remap,0,reference
CH32V317,SPI3,SPI3_MOSI,PC12,afio-spi3-remap,1,reference
CH32V317,SPI3,SPI3_NSS,PA15,afio-spi3-remap,0,reference
CH32V317,SPI3,SPI3_NSS,PA4,afio-spi3-remap,1,reference
CH32V317,SPI3,SPI3_SCK,PB3,afio-spi3-remap,0,reference
CH32V317,SPI3,SPI3_SCK,PC10,afio-spi3-remap,1,reference
CH32V317,UART4,UART4_RX,PC11,afio-usart4-remap,0,reference
CH32V317,UART4,UART4_RX,PB1,afio-usart4-remap,1,reference
CH32V317,UART4,UART4_RX,PE1,afio-usart4-remap,2,reference
CH32V317,UART4,UART4_RX,PE1,afio-usart4-remap,3,reference
CH32V317,UART4,UART4_TX,PC10,afio-usart4-remap,0,reference
CH32V317,UART4,UART4_TX,PB0,afio-usart4-remap,1,reference
CH32V317,UART4,UART4_TX,PE0,afio-usart4-remap,2,reference
CH32V317,UART4,UART4_TX,PE0,afio-usart4-remap,3,reference
CH32V317,UART5,UART5_RX,PD2,afio-usart5-remap,0,reference
CH32V317,UART5,UART5_RX,PB5,afio-usart5-remap,1,reference
CH32V317,UART5,UART5_TX,PC12,afio-usart5-remap,0,reference
CH32V317,UART5,UART5_TX,PB4,afio-usart5-remap,1,reference
CH32V317,UART6,UART6_RX,PC1,afio-usart6-remap,0,reference
CH32V317,UART6,UART6_RX,PB9,afio-usart6-remap,1,reference
CH32V317,UART6,UART6_TX,PC0,afio-usart6-remap,0,reference
CH32V317,UART6,UART6_TX,PB8,afio-usart6-remap,1,reference
CH32V317,UART7,UART7_RX,PC3,afio-usart7-remap,0,reference
CH32V317,UART7,UART7_RX,PA7,afio-usart7-remap,1,reference
CH32V317,UART7,UART7_TX,PC2,afio-usart7-remap,0,reference
CH32V317,UART7,UART7_TX,PA6,afio-usart7-remap,1,reference
CH32V317,UART8,UART8_RX,PC5,afio-usart8-remap,0,reference
CH32V317,UART8,UART8_RX,PA15,afio-usart8-remap,1,reference
CH32V317,UART8,UART8_TX,PC4,afio-usart8-remap,0,reference
CH32V317,UART8,UART8_TX,PA14,afio-usart8-remap,1,reference
CH32V317,USART1,USART1_CK,PA8,afio-usart1-remap,0,reference
CH32V317,USART1,USART1_CK,PA8,afio-usart1-remap,1,reference
CH32V317,USART1,USART1_CK,PA10,afio-usart1-remap,2,reference
CH32V317,USART1,USART1_CK,PA5,afio-usart1-remap,3,reference
CH32V317,USART1,USART1_CTS,PA11,afio-usart1-remap,0,reference
CH32V317,USART1,USART1_CTS,PA11,afio-usart1-remap,1,reference
CH32V317,USART1,USART1_CTS,PA5,afio-usart1-remap,2,reference
CH32V317,USART1,USART1_CTS,PC4,afio-usart1-remap,3,reference
CH32V317,USART1,USART1_RTS,PA12,afio-usart1-remap,0,reference
CH32V317,USART1,USART1_RTS,PA12,afio-usart1-remap,1,reference
CH32V317,USART1,USART1_RTS,PA9,afio-usart1-remap,2,reference
CH32V317,USART1,USART1_RTS,PC5,afio-usart1-remap,3,reference
CH32V317,USART1,USART1_RX,PA10,afio-usart1-remap,0,reference
CH32V317,USART1,USART1_RX,PB7,afio-usart1-remap,1,reference
CH32V317,USART1,USART1_RX,PA8,afio-usart1-remap,2,reference
CH32V317,USART1,USART1_RX,PA7,afio-usart1-remap,3,reference
CH32V317,USART1,USART1_TX,PA9,afio-usart1-remap,0,reference
CH32V317,USART1,USART1_TX,PB6,afio-usart1-remap,1,reference
CH32V317,USART1,USART1_TX,PB15,afio-usart1-remap,2,reference
CH32V317,USART1,USART1_TX,PA6,afio-usart1-remap,3,reference
CH32V317,USART2,USART2_CK,PA4,afio-usart2-remap,0,reference
CH32V317,USART2,USART2_CK,PD7,afio-usart2-remap,1,reference
CH32V317,USART2,USART2_CTS,PA0-WKUP,afio-usart2-remap,0,reference
CH32V317,USART2,USART2_CTS,PD3,afio-usart2-remap,1,reference
CH32V317,USART2,USART2_RTS,PA1,afio-usart2-remap,0,reference
CH32V317,USART2,USART2_RTS,PD4,afio-usart2-remap,1,reference
CH32V317,USART2,USART2_RX,PA3,afio-usart2-remap,0,reference
CH32V317,USART2,USART2_RX,PD6,afio-usart2-remap,1,reference
CH32V317,USART2,USART2_TX,PA2,afio-usart2-remap,0,reference
CH32V317,USART2,USART2_TX,PD5,afio-usart2-remap,1,reference
CH32V317,USART3,USART3_CK,PB12,afio-usart3-remap,0,reference
CH32V317,USART3,USART3_CK,PC12,afio-usart3-remap,1,reference
CH32V317,USART3,USART3_CK,PD10,afio-usart3-remap,2,reference
CH32V317,USART3,USART3_CK,PD10,afio-usart3-remap,3,reference
CH32V317,USART3,USART3_CTS,PB13,afio-usart3-remap,0,reference
CH32V317,USART3,USART3_CTS,PB13,afio-usart3-remap,1,reference
CH32V317,USART3,USART3_CTS,PD11,afio-usart3-remap,2,reference
CH32V317,USART3,USART3_CTS,PD11,afio-usart3-remap,3,reference
CH32V317,USART3,USART3_RTS,PB14,afio-usart3-remap,0,reference
CH32V317,USART3,USART3_RTS,PB14,afio-usart3-remap,1,reference
CH32V317,USART3,USART3_RTS,PD12,afio-usart3-remap,2,reference
CH32V317,USART3,USART3_RTS,PD12,afio-usart3-remap,3,reference
CH32V317,USART3,USART3_RX,PB11,afio-usart3-remap,0,reference
CH32V317,USART3,USART3_RX,PC11,afio-usart3-remap,1,reference
CH32V317,USART3,USART3_RX,PA14,afio-usart3-remap,2,reference
CH32V317,USART3,USART3_RX,PD9,afio-usart3-remap,3,reference
CH32V317,USART3,USART3_TX,PB10,afio-usart3-remap,0,reference
CH32V317,USART3,USART3_TX,PC10,afio-usart3-remap,1,reference
CH32V317,USART3,USART3_TX,PA13,afio-usart3-remap,2,reference
CH32V407,I2C,I2C_SCL,PB6,afio-i2c1-remap,0,reference
CH32V407,I2C,I2C_SCL,PB8,afio-i2c1-remap,1,reference
CH32V407,I2C,I2C_SDA,PB7,afio-i2c1-remap,0,reference
CH32V407,I2C,I2C_SDA,PB9,afio-i2c1-remap,1,reference
CH32V407,I2C,I2C_SMBA,PB5,afio-i2c1-remap,0,reference
CH32V407,SPI1,SPI1_MISO,PA6,afio-spi1-remap,0,reference
CH32V407,SPI1,SPI1_MISO,PB4,afio-spi1-remap,1,reference
CH32V407,SPI1,SPI1_MOSI,PA7,afio-spi1-remap,0,reference
CH32V407,SPI1,SPI1_MOSI,PB5,afio-spi1-remap,1,reference
CH32V407,SPI1,SPI1_NSS,PA4,afio-spi1-remap,0,reference
CH32V407,SPI1,SPI1_NSS,PA15,afio-spi1-remap,1,reference
CH32V407,SPI1,SPI1_SCK,PA5,afio-spi1-remap,0,reference
CH32V407,SPI1,SPI1_SCK,PB3,afio-spi1-remap,1,reference
CH32V407,SPI3,SPI3_MISO,PB4,afio-spi3-remap,0,reference
CH32V407,SPI3,SPI3_MISO,PC11,afio-spi3-remap,1,reference
CH32V407,SPI3,SPI3_MOSI,PB5,afio-spi3-remap,0,reference
CH32V407,SPI3,SPI3_MOSI,PC12,afio-spi3-remap,1,reference
CH32V407,SPI3,SPI3_NSS,PA15,afio-spi3-remap,0,reference
CH32V407,SPI3,SPI3_NSS,PA4,afio-spi3-remap,1,reference
CH32V407,SPI3,SPI3_SCK,PB3,afio-spi3-remap,0,reference
CH32V407,SPI3,SPI3_SCK,PC10,afio-spi3-remap,1,reference
CH32V407,USART1,USART1_CK,PA8,afio-usart1-remap,0,reference
CH32V407,USART1,USART1_CK,PA8,afio-usart1-remap,1,reference
CH32V407,USART1,USART1_CK,PA10,afio-usart1-remap,2,reference
CH32V407,USART1,USART1_CK,PA5,afio-usart1-remap,3,reference
CH32V407,USART1,USART1_CTS,PA11,afio-usart1-remap,0,reference
CH32V407,USART1,USART1_CTS,PA11,afio-usart1-remap,1,reference
CH32V407,USART1,USART1_CTS,PA5,afio-usart1-remap,2,reference
CH32V407,USART1,USART1_CTS,PC4,afio-usart1-remap,3,reference
CH32V407,USART1,USART1_RTS,PA12,afio-usart1-remap,0,reference
CH32V407,USART1,USART1_RTS,PA12,afio-usart1-remap,1,reference
CH32V407,USART1,USART1_RTS,PA9,afio-usart1-remap,2,reference
CH32V407,USART1,USART1_RTS,PC5,afio-usart1-remap,3,reference
CH32V407,USART1,USART1_RX,PA10,afio-usart1-remap,0,reference
CH32V407,USART1,USART1_RX,PB7,afio-usart1-remap,1,reference
CH32V407,USART1,USART1_RX,PA8,afio-usart1-remap,2,reference
CH32V407,USART1,USART1_RX,PA7,afio-usart1-remap,3,reference
CH32V407,USART1,USART1_TX,PA9,afio-usart1-remap,0,reference
CH32V407,USART1,USART1_TX,PB6,afio-usart1-remap,1,reference
CH32V407,USART1,USART1_TX,PB15,afio-usart1-remap,2,reference
CH32V407,USART1,USART1_TX,PA6,afio-usart1-remap,3,reference
CH32V407,USART10,USART10_CK,PE12,afio-usart10-remap,0,reference
CH32V407,USART10,USART10_CK,PE12,afio-usart10-remap,1,reference
CH32V407,USART10,USART10_CK,PD10,afio-usart10-remap,2,reference
CH32V407,USART10,USART10_CK,PD10,afio-usart10-remap,3,reference
CH32V407,USART10,USART10_CTS,PC14-OSC32_IN,afio-usart10-remap,0,reference
CH32V407,USART10,USART10_CTS,PC14-OSC32_IN,afio-usart10-remap,1,reference
CH32V407,USART10,USART10_CTS,PD13,afio-usart10-remap,2,reference
CH32V407,USART10,USART10_CTS,PD13,afio-usart10-remap,3,reference
CH32V407,USART10,USART10_RTS,PC15-OSC32_OUT,afio-usart10-remap,0,reference
CH32V407,USART10,USART10_RTS,PC15-OSC32_OUT,afio-usart10-remap,1,reference
CH32V407,USART10,USART10_RTS,PD14,afio-usart10-remap,2,reference
CH32V407,USART10,USART10_RTS,PD14,afio-usart10-remap,3,reference
CH32V407,USART10,USART10_RX,PE1,afio-usart10-remap,0,reference
CH32V407,USART10,USART10_RX,PB9,afio-usart10-remap,1,reference
CH32V407,USART10,USART10_RX,PD12,afio-usart10-remap,2,reference
CH32V407,USART10,USART10_RX,PD12,afio-usart10-remap,3,reference
CH32V407,USART10,USART10_TX,PE0,afio-usart10-remap,0,reference
CH32V407,USART10,USART10_TX,PB8,afio-usart10-remap,1,reference
CH32V407,USART10,USART10_TX,PD11,afio-usart10-remap,2,reference
CH32V407,USART10,USART10_TX,PD11,afio-usart10-remap,3,reference
CH32V407,USART2,USART2_CK,PA4,afio-usart2-remap,0,reference
CH32V407,USART2,USART2_CK,PD7,afio-usart2-remap,1,reference
CH32V407,USART2,USART2_CTS,PA0-WKUP,afio-usart2-remap,0,reference
CH32V407,USART2,USART2_CTS,PD3,afio-usart2-remap,1,reference
CH32V407,USART2,USART2_RTS,PA1,afio-usart2-remap,0,reference
CH32V407,USART2,USART2_RTS,PD4,afio-usart2-remap,1,reference
CH32V407,USART2,USART2_RX,PA3,afio-usart2-remap,0,reference
CH32V407,USART2,USART2_RX,PD6,afio-usart2-remap,1,reference
CH32V407,USART2,USART2_TX,PA2,afio-usart2-remap,0,reference
CH32V407,USART2,USART2_TX,PD5,afio-usart2-remap,1,reference
CH32V407,USART3,USART3_CK,PB12,afio-usart3-remap,0,reference
CH32V407,USART3,USART3_CK,PC12,afio-usart3-remap,1,reference
CH32V407,USART3,USART3_CK,PD10,afio-usart3-remap,2,reference
CH32V407,USART3,USART3_CK,PD10,afio-usart3-remap,3,reference
CH32V407,USART3,USART3_CTS,PB13,afio-usart3-remap,0,reference
CH32V407,USART3,USART3_CTS,PB13,afio-usart3-remap,1,reference
CH32V407,USART3,USART3_CTS,PD11,afio-usart3-remap,2,reference
CH32V407,USART3,USART3_CTS,PD11,afio-usart3-remap,3,reference
CH32V407,USART3,USART3_RTS,PB14,afio-usart3-remap,0,reference
CH32V407,USART3,USART3_RTS,PB14,afio-usart3-remap,1,reference
CH32V407,USART3,USART3_RTS,PD12,afio-usart3-remap,2,reference
CH32V407,USART3,USART3_RTS,PD12,afio-usart3-remap,3,reference
CH32V407,USART3,USART3_RX,PB11,afio-usart3-remap,0,reference
CH32V407,USART3,USART3_RX,PC11,afio-usart3-remap,1,reference
CH32V407,USART3,USART3_RX,PA14,afio-usart3-remap,2,reference
CH32V407,USART3,USART3_RX,PD9,afio-usart3-remap,3,reference
CH32V407,USART3,USART3_TX,PB10,afio-usart3-remap,0,reference
CH32V407,USART3,USART3_TX,PC10,afio-usart3-remap,1,reference
CH32V407,USART3,USART3_TX,PA13,afio-usart3-remap,2,reference
CH32V407,USART3,USART3_TX,PD8,afio-usart3-remap,3,reference
CH32V407,USART4,USART4_CK,PC12,afio-usart4-remap,0,reference
CH32V407,USART4,USART4_CK,PB2,afio-usart4-remap,1,reference
CH32V407,USART4,USART4_CK,PE12,afio-usart4-remap,2,reference
CH32V407,USART4,USART4_CK,PE12,afio-usart4-remap,3,reference
CH32V407,USART4,USART4_CTS,PA13,afio-usart4-remap,0,reference
CH32V407,USART4,USART4_CTS,PC4,afio-usart4-remap,1,reference
CH32V407,USART4,USART4_CTS,PB8,afio-usart4-remap,2,reference
CH32V407,USART4,USART4_CTS,PB8,afio-usart4-remap,3,reference
CH32V407,USART4,USART4_RTS,PD2,afio-usart4-remap,0,reference
CH32V407,USART4,USART4_RTS,PC5,afio-usart4-remap,1,reference
CH32V407,USART4,USART4_RTS,PB9,afio-usart4-remap,2,reference
CH32V407,USART4,USART4_RTS,PB9,afio-usart4-remap,3,reference
CH32V407,USART4,USART4_RX,PC11,afio-usart4-remap,0,reference
CH32V407,USART4,USART4_RX,PB1,afio-usart4-remap,1,reference
CH32V407,USART4,USART4_RX,PE1,afio-usart4-remap,2,reference
CH32V407,USART4,USART4_RX,PE1,afio-usart4-remap,3,reference
CH32V407,USART4,USART4_TX,PC10,afio-usart4-remap,0,reference
CH32V407,USART4,USART4_TX,PB0,afio-usart4-remap,1,reference
CH32V407,USART4,USART4_TX,PE0,afio-usart4-remap,2,reference
CH32V407,USART4,USART4_TX,PE0,afio-usart4-remap,3,reference
CH32V407,USART5,USART5_CK,PB5,afio-usart5-remap,0,reference
CH32V407,USART5,USART5_CK,PB3,afio-usart5-remap,1,reference
CH32V407,USART5,USART5_CK,PB2,afio-usart5-remap,2,reference
CH32V407,USART5,USART5_CK,PB2,afio-usart5-remap,3,reference
CH32V407,USART5,USART5_CTS,PB3,afio-usart5-remap,0,reference
CH32V407,USART5,USART5_CTS,PB8,afio-usart5-remap,1,reference
CH32V407,USART5,USART5_CTS,PB0,afio-usart5-remap,2,reference
CH32V407,USART5,USART5_CTS,PB0,afio-usart5-remap,3,reference
CH32V407,USART5,USART5_RTS,PB4,afio-usart5-remap,0,reference
CH32V407,USART5,USART5_RTS,PB9,afio-usart5-remap,1,reference
CH32V407,USART5,USART5_RTS,PB1,afio-usart5-remap,2,reference
CH32V407,USART5,USART5_RTS,PB1,afio-usart5-remap,3,reference
CH32V407,USART5,USART5_RX,PD2,afio-usart5-remap,0,reference
CH32V407,USART5,USART5_RX,PB5,afio-usart5-remap,1,reference
CH32V407,USART5,USART5_RX,PE9,afio-usart5-remap,2,reference
CH32V407,USART5,USART5_RX,PE9,afio-usart5-remap,3,reference
CH32V407,USART5,USART5_TX,PC12,afio-usart5-remap,0,reference
CH32V407,USART5,USART5_TX,PB4,afio-usart5-remap,1,reference
CH32V407,USART5,USART5_TX,PE8,afio-usart5-remap,2,reference
CH32V407,USART5,USART5_TX,PE8,afio-usart5-remap,3,reference
CH32V407,USART6,USART6_CK,PB0,afio-usart6-remap,0,reference
CH32V407,USART6,USART6_CK,PB5,afio-usart6-remap,1,reference
CH32V407,USART6,USART6_CK,PA13,afio-usart6-remap,2,reference
CH32V407,USART6,USART6_CK,PA5,afio-usart6-remap,3,reference
CH32V407,USART6,USART6_CTS,PC2,afio-usart6-remap,0,reference
CH32V407,USART6,USART6_CTS,PE0,afio-usart6-remap,1,reference
CH32V407,USART6,USART6_CTS,PA14,afio-usart6-remap,2,reference
CH32V407,USART6,USART6_CTS,PC2,afio-usart6-remap,3,reference
CH32V407,USART6,USART6_RTS,PC3,afio-usart6-remap,0,reference
CH32V407,USART6,USART6_RTS,PE1,afio-usart6-remap,1,reference
CH32V407,USART6,USART6_RTS,PA15,afio-usart6-remap,2,reference
CH32V407,USART6,USART6_RTS,PC3,afio-usart6-remap,3,reference
CH32V407,USART6,USART6_RX,PC1,afio-usart6-remap,0,reference
CH32V407,USART6,USART6_RX,PB9,afio-usart6-remap,1,reference
CH32V407,USART6,USART6_RX,PE11,afio-usart6-remap,2,reference
CH32V407,USART6,USART6_RX,PC1,afio-usart6-remap,3,reference
CH32V407,USART6,USART6_TX,PC0,afio-usart6-remap,0,reference
CH32V407,USART6,USART6_TX,PB8,afio-usart6-remap,1,reference
CH32V407,USART6,USART6_TX,PE10,afio-usart6-remap,2,reference
CH32V407,USART6,USART6_TX,PC0,afio-usart6-remap,3,reference
CH32V407,USART7,USART7_CK,PC1,afio-usart7-remap,0,reference
CH32V407,USART7,USART7_CK,PB0,afio-usart7-remap,1,reference
CH32V407,USART7,USART7_CK,PA8,afio-usart7-remap,2,reference
CH32V407,USART7,USART7_CK,PA8,afio-usart7-remap,3,reference
CH32V407,USART7,USART7_CTS,PC4,afio-usart7-remap,0,reference
CH32V407,USART7,USART7_CTS,PC4,afio-usart7-remap,1,reference
CH32V407,USART7,USART7_CTS,PB6,afio-usart7-remap,2,reference
CH32V407,USART7,USART7_CTS,PC8,afio-usart7-remap,3,reference
CH32V407,USART7,USART7_RTS,PC5,afio-usart7-remap,0,reference
CH32V407,USART7,USART7_RTS,PC5,afio-usart7-remap,1,reference
CH32V407,USART7,USART7_RTS,PB7,afio-usart7-remap,2,reference
CH32V407,USART7,USART7_RTS,PC9,afio-usart7-remap,3,reference
CH32V407,USART7,USART7_RX,PC3,afio-usart7-remap,0,reference
CH32V407,USART7,USART7_RX,PA7,afio-usart7-remap,1,reference
CH32V407,USART7,USART7_RX,PA10,afio-usart7-remap,2,reference
CH32V407,USART7,USART7_RX,PA10,afio-usart7-remap,3,reference
CH32V407,USART7,USART7_TX,PC2,afio-usart7-remap,0,reference
CH32V407,USART7,USART7_TX,PA6,afio-usart7-remap,1,reference
CH32V407,USART7,USART7_TX,PA9,afio-usart7-remap,2,reference
CH32V407,USART7,USART7_TX,PA9,afio-usart7-remap,3,reference
CH32V407,USART8,USART8_CK,PA7,afio-usart8-remap,0,reference
CH32V407,USART8,USART8_CK,PB15,afio-usart8-remap,1,reference
CH32V407,USART8,USART8_CK,PB11,afio-usart8-remap,2,reference
CH32V407,USART8,USART8_CK,PB11,afio-usart8-remap,3,reference
CH32V407,USART8,USART8_CTS,PB0,afio-usart8-remap,0,reference
CH32V407,USART8,USART8_CTS,PE10,afio-usart8-remap,1,reference
CH32V407,USART8,USART8_CTS,PB13,afio-usart8-remap,2,reference
CH32V407,USART8,USART8_CTS,PB13,afio-usart8-remap,3,reference
CH32V407,USART8,USART8_RTS,PB1,afio-usart8-remap,0,reference
CH32V407,USART8,USART8_RTS,PE11,afio-usart8-remap,1,reference
CH32V407,USART8,USART8_RTS,PB12,afio-usart8-remap,2,reference
CH32V407,USART8,USART8_RTS,PB12,afio-usart8-remap,3,reference
CH32V407,USART8,USART8_RX,PC5,afio-usart8-remap,0,reference
CH32V407,USART8,USART8_RX,PA15,afio-usart8-remap,1,reference
CH32V407,USART8,USART8_RX,PB14,afio-usart8-remap,2,reference
CH32V407,USART8,USART8_RX,PB14,afio-usart8-remap,3,reference
CH32V407,USART8,USART8_TX,PC4,afio-usart8-remap,0,reference
CH32V407,USART8,USART8_TX,PA14,afio-usart8-remap,1,reference
CH32V407,USART8,USART8_TX,PB15,afio-usart8-remap,2,reference
CH32V407,USART8,USART8_TX,PB15,afio-usart8-remap,3,reference
CH32V407,USART9,USART9_CK,PD8,afio-usart9-remap,0,reference
CH32V407,USART9,USART9_CK,PD8,afio-usart9-remap,1,reference
CH32V407,USART9,USART9_CK,PE2,afio-usart9-remap,2,reference
CH32V407,USART9,USART9_CK,PE2,afio-usart9-remap,3,reference
CH32V407,USART9,USART9_CTS,PE8,afio-usart9-remap,0,reference
CH32V407,USART9,USART9_CTS,PE8,afio-usart9-remap,1,reference
CH32V407,USART9,USART9_CTS,PE5,afio-usart9-remap,2,reference
CH32V407,USART9,USART9_CTS,PE5,afio-usart9-remap,3,reference
CH32V407,USART9,USART9_RTS,PE9,afio-usart9-remap,0,reference
CH32V407,USART9,USART9_RTS,PE9,afio-usart9-remap,1,reference
CH32V407,USART9,USART9_RTS,PE6,afio-usart9-remap,2,reference
CH32V407,USART9,USART9_RTS,PE6,afio-usart9-remap,3,reference
CH32V407,USART9,USART9_RX,PB2,afio-usart9-remap,0,reference
CH32V407,USART9,USART9_RX,PA5,afio-usart9-remap,1,reference
CH32V407,USART9,USART9_RX,PE4,afio-usart9-remap,2,reference
CH32V407,USART9,USART9_RX,PE4,afio-usart9-remap,3,reference
CH32V407,USART9,USART9_TX,PB1,afio-usart9-remap,0,reference
CH32V407,USART9,USART9_TX,PA4,afio-usart9-remap,1,reference
CH32V407,USART9,USART9_TX,PE3,afio-usart9-remap,2,reference
CH32V407,USART9,USART9_TX,PE3,afio-usart9-remap,3,reference
CH32V467,I2C,I2C_SCL,PB6,afio-i2c1-remap,0,reference
CH32V467,I2C,I2C_SCL,PB8,afio-i2c1-remap,1,reference
CH32V467,I2C,I2C_SDA,PB7,afio-i2c1-remap,0,reference
CH32V467,I2C,I2C_SDA,PB9,afio-i2c1-remap,1,reference
CH32V467,I2C,I2C_SMBA,PB5,afio-i2c1-remap,0,reference
CH32V467,SPI1,SPI1_MISO,PA6,afio-spi1-remap,0,reference
CH32V467,SPI1,SPI1_MISO,PB4,afio-spi1-remap,1,reference
CH32V467,SPI1,SPI1_MOSI,PA7,afio-spi1-remap,0,reference
CH32V467,SPI1,SPI1_MOSI,PB5,afio-spi1-remap,1,reference
CH32V467,SPI1,SPI1_NSS,PA4,afio-spi1-remap,0,reference
CH32V467,SPI1,SPI1_NSS,PA15,afio-spi1-remap,1,reference
CH32V467,SPI1,SPI1_SCK,PA5,afio-spi1-remap,0,reference
CH32V467,SPI1,SPI1_SCK,PB3,afio-spi1-remap,1,reference
CH32V467,SPI3,SPI3_MISO,PB4,afio-spi3-remap,0,reference
CH32V467,SPI3,SPI3_MISO,PC11,afio-spi3-remap,1,reference
CH32V467,SPI3,SPI3_MOSI,PB5,afio-spi3-remap,0,reference
CH32V467,SPI3,SPI3_MOSI,PC12,afio-spi3-remap,1,reference
CH32V467,SPI3,SPI3_NSS,PA15,afio-spi3-remap,0,reference
CH32V467,SPI3,SPI3_NSS,PA4,afio-spi3-remap,1,reference
CH32V467,SPI3,SPI3_SCK,PB3,afio-spi3-remap,0,reference
CH32V467,SPI3,SPI3_SCK,PC10,afio-spi3-remap,1,reference
CH32V467,USART1,USART1_CK,PA8,afio-usart1-remap,0,reference
CH32V467,USART1,USART1_CK,PA8,afio-usart1-remap,1,reference
CH32V467,USART1,USART1_CK,PA10,afio-usart1-remap,2,reference
CH32V467,USART1,USART1_CK,PA5,afio-usart1-remap,3,reference
CH32V467,USART1,USART1_CTS,PA11,afio-usart1-remap,0,reference
CH32V467,USART1,USART1_CTS,PA11,afio-usart1-remap,1,reference
CH32V467,USART1,USART1_CTS,PA5,afio-usart1-remap,2,reference
CH32V467,USART1,USART1_CTS,PC4,afio-usart1-remap,3,reference
CH32V467,USART1,USART1_RTS,PA12,afio-usart1-remap,0,reference
CH32V467,USART1,USART1_RTS,PA12,afio-usart1-remap,1,reference
CH32V467,USART1,USART1_RTS,PA9,afio-usart1-remap,2,reference
CH32V467,USART1,USART1_RTS,PC5,afio-usart1-remap,3,reference
CH32V467,USART1,USART1_RX,PA10,afio-usart1-remap,0,reference
CH32V467,USART1,USART1_RX,PB7,afio-usart1-remap,1,reference
CH32V467,USART1,USART1_RX,PA8,afio-usart1-remap,2,reference
CH32V467,USART1,USART1_RX,PA7,afio-usart1-remap,3,reference
CH32V467,USART1,USART1_TX,PA9,afio-usart1-remap,0,reference
CH32V467,USART1,USART1_TX,PB6,afio-usart1-remap,1,reference
CH32V467,USART1,USART1_TX,PB15,afio-usart1-remap,2,reference
CH32V467,USART1,USART1_TX,PA6,afio-usart1-remap,3,reference
CH32V467,USART10,USART10_CK,PE12,afio-usart10-remap,0,reference
CH32V467,USART10,USART10_CK,PE12,afio-usart10-remap,1,reference
CH32V467,USART10,USART10_CK,PD10,afio-usart10-remap,2,reference
CH32V467,USART10,USART10_CK,PD10,afio-usart10-remap,3,reference
CH32V467,USART10,USART10_CTS,PC14-OSC32_IN,afio-usart10-remap,0,reference
CH32V467,USART10,USART10_CTS,PC14-OSC32_IN,afio-usart10-remap,1,reference
CH32V467,USART10,USART10_CTS,PD13,afio-usart10-remap,2,reference
CH32V467,USART10,USART10_CTS,PD13,afio-usart10-remap,3,reference
CH32V467,USART10,USART10_RTS,PC15-OSC32_OUT,afio-usart10-remap,0,reference
CH32V467,USART10,USART10_RTS,PC15-OSC32_OUT,afio-usart10-remap,1,reference
CH32V467,USART10,USART10_RTS,PD14,afio-usart10-remap,2,reference
CH32V467,USART10,USART10_RTS,PD14,afio-usart10-remap,3,reference
CH32V467,USART10,USART10_RX,PE1,afio-usart10-remap,0,reference
CH32V467,USART10,USART10_RX,PB9,afio-usart10-remap,1,reference
CH32V467,USART10,USART10_RX,PD12,afio-usart10-remap,2,reference
CH32V467,USART10,USART10_RX,PD12,afio-usart10-remap,3,reference
CH32V467,USART10,USART10_TX,PE0,afio-usart10-remap,0,reference
CH32V467,USART10,USART10_TX,PB8,afio-usart10-remap,1,reference
CH32V467,USART10,USART10_TX,PD11,afio-usart10-remap,2,reference
CH32V467,USART10,USART10_TX,PD11,afio-usart10-remap,3,reference
CH32V467,USART2,USART2_CK,PA4,afio-usart2-remap,0,reference
CH32V467,USART2,USART2_CK,PD7,afio-usart2-remap,1,reference
CH32V467,USART2,USART2_CTS,PA0-WKUP,afio-usart2-remap,0,reference
CH32V467,USART2,USART2_CTS,PD3,afio-usart2-remap,1,reference
CH32V467,USART2,USART2_RTS,PA1,afio-usart2-remap,0,reference
CH32V467,USART2,USART2_RTS,PD4,afio-usart2-remap,1,reference
CH32V467,USART2,USART2_RX,PA3,afio-usart2-remap,0,reference
CH32V467,USART2,USART2_RX,PD6,afio-usart2-remap,1,reference
CH32V467,USART2,USART2_TX,PA2,afio-usart2-remap,0,reference
CH32V467,USART2,USART2_TX,PD5,afio-usart2-remap,1,reference
CH32V467,USART3,USART3_CK,PB12,afio-usart3-remap,0,reference
CH32V467,USART3,USART3_CK,PC12,afio-usart3-remap,1,reference
CH32V467,USART3,USART3_CK,PD10,afio-usart3-remap,2,reference
CH32V467,USART3,USART3_CK,PD10,afio-usart3-remap,3,reference
CH32V467,USART3,USART3_CTS,PB13,afio-usart3-remap,0,reference
CH32V467,USART3,USART3_CTS,PB13,afio-usart3-remap,1,reference
CH32V467,USART3,USART3_CTS,PD11,afio-usart3-remap,2,reference
CH32V467,USART3,USART3_CTS,PD11,afio-usart3-remap,3,reference
CH32V467,USART3,USART3_RTS,PB14,afio-usart3-remap,0,reference
CH32V467,USART3,USART3_RTS,PB14,afio-usart3-remap,1,reference
CH32V467,USART3,USART3_RTS,PD12,afio-usart3-remap,2,reference
CH32V467,USART3,USART3_RTS,PD12,afio-usart3-remap,3,reference
CH32V467,USART3,USART3_RX,PB11,afio-usart3-remap,0,reference
CH32V467,USART3,USART3_RX,PC11,afio-usart3-remap,1,reference
CH32V467,USART3,USART3_RX,PA14,afio-usart3-remap,2,reference
CH32V467,USART3,USART3_RX,PD9,afio-usart3-remap,3,reference
CH32V467,USART3,USART3_TX,PB10,afio-usart3-remap,0,reference
CH32V467,USART3,USART3_TX,PC10,afio-usart3-remap,1,reference
CH32V467,USART3,USART3_TX,PA13,afio-usart3-remap,2,reference
CH32V467,USART3,USART3_TX,PD8,afio-usart3-remap,3,reference
CH32V467,USART4,USART4_CK,PC12,afio-usart4-remap,0,reference
CH32V467,USART4,USART4_CK,PB2,afio-usart4-remap,1,reference
CH32V467,USART4,USART4_CK,PE12,afio-usart4-remap,2,reference
CH32V467,USART4,USART4_CK,PE12,afio-usart4-remap,3,reference
CH32V467,USART4,USART4_CTS,PA13,afio-usart4-remap,0,reference
CH32V467,USART4,USART4_CTS,PC4,afio-usart4-remap,1,reference
CH32V467,USART4,USART4_CTS,PB8,afio-usart4-remap,2,reference
CH32V467,USART4,USART4_CTS,PB8,afio-usart4-remap,3,reference
CH32V467,USART4,USART4_RTS,PD2,afio-usart4-remap,0,reference
CH32V467,USART4,USART4_RTS,PC5,afio-usart4-remap,1,reference
CH32V467,USART4,USART4_RTS,PB9,afio-usart4-remap,2,reference
CH32V467,USART4,USART4_RTS,PB9,afio-usart4-remap,3,reference
CH32V467,USART4,USART4_RX,PC11,afio-usart4-remap,0,reference
CH32V467,USART4,USART4_RX,PB1,afio-usart4-remap,1,reference
CH32V467,USART4,USART4_RX,PE1,afio-usart4-remap,2,reference
CH32V467,USART4,USART4_RX,PE1,afio-usart4-remap,3,reference
CH32V467,USART4,USART4_TX,PC10,afio-usart4-remap,0,reference
CH32V467,USART4,USART4_TX,PB0,afio-usart4-remap,1,reference
CH32V467,USART4,USART4_TX,PE0,afio-usart4-remap,2,reference
CH32V467,USART4,USART4_TX,PE0,afio-usart4-remap,3,reference
CH32V467,USART5,USART5_CK,PB5,afio-usart5-remap,0,reference
CH32V467,USART5,USART5_CK,PB3,afio-usart5-remap,1,reference
CH32V467,USART5,USART5_CK,PB2,afio-usart5-remap,2,reference
CH32V467,USART5,USART5_CK,PB2,afio-usart5-remap,3,reference
CH32V467,USART5,USART5_CTS,PB3,afio-usart5-remap,0,reference
CH32V467,USART5,USART5_CTS,PB8,afio-usart5-remap,1,reference
CH32V467,USART5,USART5_CTS,PB0,afio-usart5-remap,2,reference
CH32V467,USART5,USART5_CTS,PB0,afio-usart5-remap,3,reference
CH32V467,USART5,USART5_RTS,PB4,afio-usart5-remap,0,reference
CH32V467,USART5,USART5_RTS,PB9,afio-usart5-remap,1,reference
CH32V467,USART5,USART5_RTS,PB1,afio-usart5-remap,2,reference
CH32V467,USART5,USART5_RTS,PB1,afio-usart5-remap,3,reference
CH32V467,USART5,USART5_RX,PD2,afio-usart5-remap,0,reference
CH32V467,USART5,USART5_RX,PB5,afio-usart5-remap,1,reference
CH32V467,USART5,USART5_RX,PE9,afio-usart5-remap,2,reference
CH32V467,USART5,USART5_RX,PE9,afio-usart5-remap,3,reference
CH32V467,USART5,USART5_TX,PC12,afio-usart5-remap,0,reference
CH32V467,USART5,USART5_TX,PB4,afio-usart5-remap,1,reference
CH32V467,USART5,USART5_TX,PE8,afio-usart5-remap,2,reference
CH32V467,USART5,USART5_TX,PE8,afio-usart5-remap,3,reference
CH32V467,USART6,USART6_CK,PB0,afio-usart6-remap,0,reference
CH32V467,USART6,USART6_CK,PB5,afio-usart6-remap,1,reference
CH32V467,USART6,USART6_CK,PA13,afio-usart6-remap,2,reference
CH32V467,USART6,USART6_CK,PA5,afio-usart6-remap,3,reference
CH32V467,USART6,USART6_CTS,PC2,afio-usart6-remap,0,reference
CH32V467,USART6,USART6_CTS,PE0,afio-usart6-remap,1,reference
CH32V467,USART6,USART6_CTS,PA14,afio-usart6-remap,2,reference
CH32V467,USART6,USART6_CTS,PC2,afio-usart6-remap,3,reference
CH32V467,USART6,USART6_RTS,PC3,afio-usart6-remap,0,reference
CH32V467,USART6,USART6_RTS,PE1,afio-usart6-remap,1,reference
CH32V467,USART6,USART6_RTS,PA15,afio-usart6-remap,2,reference
CH32V467,USART6,USART6_RTS,PC3,afio-usart6-remap,3,reference
CH32V467,USART6,USART6_RX,PC1,afio-usart6-remap,0,reference
CH32V467,USART6,USART6_RX,PB9,afio-usart6-remap,1,reference
CH32V467,USART6,USART6_RX,PE11,afio-usart6-remap,2,reference
CH32V467,USART6,USART6_RX,PC1,afio-usart6-remap,3,reference
CH32V467,USART6,USART6_TX,PC0,afio-usart6-remap,0,reference
CH32V467,USART6,USART6_TX,PB8,afio-usart6-remap,1,reference
CH32V467,USART6,USART6_TX,PE10,afio-usart6-remap,2,reference
CH32V467,USART6,USART6_TX,PC0,afio-usart6-remap,3,reference
CH32V467,USART7,USART7_CK,PC1,afio-usart7-remap,0,reference
CH32V467,USART7,USART7_CK,PB0,afio-usart7-remap,1,reference
CH32V467,USART7,USART7_CK,PA8,afio-usart7-remap,2,reference
CH32V467,USART7,USART7_CK,PA8,afio-usart7-remap,3,reference
CH32V467,USART7,USART7_CTS,PC4,afio-usart7-remap,0,reference
CH32V467,USART7,USART7_CTS,PC4,afio-usart7-remap,1,reference
CH32V467,USART7,USART7_CTS,PB6,afio-usart7-remap,2,reference
CH32V467,USART7,USART7_CTS,PC8,afio-usart7-remap,3,reference
CH32V467,USART7,USART7_RTS,PC5,afio-usart7-remap,0,reference
CH32V467,USART7,USART7_RTS,PC5,afio-usart7-remap,1,reference
CH32V467,USART7,USART7_RTS,PB7,afio-usart7-remap,2,reference
CH32V467,USART7,USART7_RTS,PC9,afio-usart7-remap,3,reference
CH32V467,USART7,USART7_RX,PC3,afio-usart7-remap,0,reference
CH32V467,USART7,USART7_RX,PA7,afio-usart7-remap,1,reference
CH32V467,USART7,USART7_RX,PA10,afio-usart7-remap,2,reference
CH32V467,USART7,USART7_RX,PA10,afio-usart7-remap,3,reference
CH32V467,USART7,USART7_TX,PC2,afio-usart7-remap,0,reference
CH32V467,USART7,USART7_TX,PA6,afio-usart7-remap,1,reference
CH32V467,USART7,USART7_TX,PA9,afio-usart7-remap,2,reference
CH32V467,USART7,USART7_TX,PA9,afio-usart7-remap,3,reference
CH32V467,USART8,USART8_CK,PA7,afio-usart8-remap,0,reference
CH32V467,USART8,USART8_CK,PB15,afio-usart8-remap,1,reference
CH32V467,USART8,USART8_CK,PB11,afio-usart8-remap,2,reference
CH32V467,USART8,USART8_CK,PB11,afio-usart8-remap,3,reference
CH32V467,USART8,USART8_CTS,PB0,afio-usart8-remap,0,reference
CH32V467,USART8,USART8_CTS,PE10,afio-usart8-remap,1,reference
CH32V467,USART8,USART8_CTS,PB13,afio-usart8-remap,2,reference
CH32V467,USART8,USART8_CTS,PB13,afio-usart8-remap,3,reference
CH32V467,USART8,USART8_RTS,PB1,afio-usart8-remap,0,reference
CH32V467,USART8,USART8_RTS,PE11,afio-usart8-remap,1,reference
CH32V467,USART8,USART8_RTS,PB12,afio-usart8-remap,2,reference
CH32V467,USART8,USART8_RTS,PB12,afio-usart8-remap,3,reference
CH32V467,USART8,USART8_RX,PC5,afio-usart8-remap,0,reference
CH32V467,USART8,USART8_RX,PA15,afio-usart8-remap,1,reference
CH32V467,USART8,USART8_RX,PB14,afio-usart8-remap,2,reference
CH32V467,USART8,USART8_RX,PB14,afio-usart8-remap,3,reference
CH32V467,USART8,USART8_TX,PC4,afio-usart8-remap,0,reference
CH32V467,USART8,USART8_TX,PA14,afio-usart8-remap,1,reference
CH32V467,USART8,USART8_TX,PB15,afio-usart8-remap,2,reference
CH32V467,USART8,USART8_TX,PB15,afio-usart8-remap,3,reference
CH32V467,USART9,USART9_CK,PD8,afio-usart9-remap,0,reference
CH32V467,USART9,USART9_CK,PD8,afio-usart9-remap,1,reference
CH32V467,USART9,USART9_CK,PE2,afio-usart9-remap,2,reference
CH32V467,USART9,USART9_CK,PE2,afio-usart9-remap,3,reference
CH32V467,USART9,USART9_CTS,PE8,afio-usart9-remap,0,reference
CH32V467,USART9,USART9_CTS,PE8,afio-usart9-remap,1,reference
CH32V467,USART9,USART9_CTS,PE5,afio-usart9-remap,2,reference
CH32V467,USART9,USART9_CTS,PE5,afio-usart9-remap,3,reference
CH32V467,USART9,USART9_RTS,PE9,afio-usart9-remap,0,reference
CH32V467,USART9,USART9_RTS,PE9,afio-usart9-remap,1,reference
CH32V467,USART9,USART9_RTS,PE6,afio-usart9-remap,2,reference
CH32V467,USART9,USART9_RTS,PE6,afio-usart9-remap,3,reference
CH32V467,USART9,USART9_RX,PB2,afio-usart9-remap,0,reference
CH32V467,USART9,USART9_RX,PA5,afio-usart9-remap,1,reference
CH32V467,USART9,USART9_RX,PE4,afio-usart9-remap,2,reference
CH32V467,USART9,USART9_RX,PE4,afio-usart9-remap,3,reference
CH32V467,USART9,USART9_TX,PB1,afio-usart9-remap,0,reference
CH32V467,USART9,USART9_TX,PA4,afio-usart9-remap,1,reference
CH32V467,USART9,USART9_TX,PE3,afio-usart9-remap,2,reference
CH32V467,USART9,USART9_TX,PE3,afio-usart9-remap,3,reference
CH32X033,PIOC,PIOC_IO0,PC18,afio-pioc-remap,0,reference
CH32X033,PIOC,PIOC_IO1,PC19,afio-pioc-remap,0,reference
CH32X035,PIOC,PIOC_IO0,PC18,afio-pioc-remap,0,reference
CH32X035,PIOC,PIOC_IO0,PC7,afio-pioc-remap,1,reference
CH32X035,PIOC,PIOC_IO1,PC19,afio-pioc-remap,0,reference
